Workbook

Sheet 00_COVER_LOGIN
A1: SRIYANTO RBI MINI APM SYSTEM | I1: Patuha Unit-2 | Secure Access Gateway
B7: RBI MINI APM
G8: LOGIN ACCESS
G10: Enter credentials to unlock the RBI model environment.
B12: Risk Based Inspection • Asset Integrity Corrosion Loop • Risk Matrix • L3 Readiness
G13: Username | H13: admin
G15: Password | H15: 1234
B17: GDE Matrix | D17: P&ID Alignment
G18: LOGIN | J18: CLEAR
B20: ECA Gate | D20: L3 Thickness
G21: Status: Not logged in
B24: Developed by Adam SRIYANTO RBI System | G24: Default test access: admin / 1234 | Save as .xlsm and import VBA
A34: © SRIYANTO RBI Mini APM System • Confidential – Internal Use

Sheet 00_USER_GUIDE_FLOW
A1: RBI MINI APM SYSTEM – USER FLOW GUIDE
A2: Quick operating guide for controlled data input, automated RBI preview, risk matrix update, reconciliation, and optional L3 thickness update.
B4: MAIN OPERATION FLOW | J4: QUICK CHECKLIST
C6: START Open workbook and check dashboard status | J6: Before using macro Save as .xlsm Enable Content Import .bas macro
E8: ↓
C9: 1. INPUT ASSET Use 00_INPUT_CONTROL_PANEL Do not type directly into database
J11: Before ADD ASSET Validation = OK Duplicate = NO Risk preview reviewed
E12: ↓
C13: 2. AUTO ENGINE PREVIEW Corrosion Loop Damage Mechanism PoF / CoF Risk / ECA / Scope
J16: After ADD ASSET Asset appears in database Risk engine updated Inspection strategy updated
E17: ↓
C18: 3. VALIDATION CHECK Missing data Duplicate tag Logic consistency CUI / material warnings
E21: ↓ | J21: Before reporting Reconciliation = PASS Coverage = 100% Matrix counts match
C22: VALID? If NOT valid → fix input If valid → continue
H23: NO → Fix Input
H24: YES → Continue
E25: ↓
C26: 4. CLICK ADD ASSET Run VBA macro after saving as .xlsm | J26: L3 use rule Only input thickness when UT / baseline data exists Do not force L3 for greenfield data
E29: ↓
C30: 5. DATABASE UPDATE 01_ASSET_INPUT_FULL 08_GDE_RISK_ENGINE 09_INSPECTION_STRATEGY 10_L3_UPGRADE_INPUT (if completed)
J31: IMPORTANT RULES
J32: 1. Do NOT input directly to 01_ASSET_INPUT_FULL unless debugging. 2. Always check validation before using ADD ASSET. 3. Reconciliation PASS is mandatory before client presentation. 4. GDE-approved risk matrix/procedure remains final authority. 5. L3 thickness section is optional until UT data is available.
E34: ↓
C35: 6. RISK MATRIX UPDATE 14_GDE_RISK_MATRIX_DASHBOARD Counts update from linked risk engine
E38: ↓
C39: 7. RECONCILIATION CHECK 16_RECONCILIATION_CHECK Coverage must be 100%
E42: ↓
C43: PASS? If CHECK REQUIRED → debug first If PASS → model is ready
J44: COLOR LEGEND
J45: Blue | K45: User Input / L3 Input
E46: ↓ | J46: Yellow | K46: Auto Engine / Risk Matrix
C47: 8. OPTIONAL L3 THICKNESS Input thickness only when UT data exists Calculate CR / RL / L3 PoF | J47: Orange | K47: Validation / Caution
J48: Green | K48: OK / Action Complete
J49: Red | K49: Critical / Do Not Proceed
E50: ↓ | J50: Gray | K50: Start / End / Static Info
C51: END Ready for review / meeting / report extraction
B55: NAVIGATION
B56: Input Control Panel | D56: Dashboard | F56: Risk Matrix Dashboard | H56: Reconciliation Check | J56: Asset Database | L56: =HYPERLINK("#'18_GB_CODE_MASTER'!A1","GB Code Master") -> GB Code Master

Sheet 00_INPUT_CONTROL_PANEL
A1: Patuha Unit-2 RBI Mini APM System — Input Control Panel | Z1: User Guide
A2: Controlled input → live RBI preview → validation → database update. Designed for GE-style / APM-style RBI workflow.
B4: INPUT FORM | E4: AUTO ENGINE — READ ONLY PREVIEW | J4: LIVE SUMMARY | M4: SAFE INPUT MODE — SAVE / SEARCH / UPDATE RULES
B5: Asset Tag | C5: P2LBA99 BR999 | E5: Corrosion Loop ID | F5: =UPPER("CL-"&SUBSTITUTE(C7,"/","")&"-"&C8&"-"&SUBSTITUTE(C9," ","")&"-"&C11&"-"&C10) -> CL-SAGS-LBA-STEAM-CS-LG | J5: Total Assets | K5: =COUNTA('01_ASSET_INPUT_FULL'!A:A)-1 -> 414
B6: Asset Type | C6: Piping | E6: Dominant Damage Mechanism | F6: =IF(AND(C9="Steam",C10="LG",C11="CS"),"CO2 corrosion; Erosion-corrosion/FAC; CUI",IF(AND(C9="Steam",C10="V"),"CUI; Atmospheric corrosion; localized erosion",IF(C9="NCG","H2S / sour corrosion; CLSCC if chloride; CUI",IF(C9="Cooling Water","MIC; oxygen corrosion; fouling",IF(OR(C9="Condensate",C9="Condensate Steam"),"CO2 condensate corrosion; MIC; oxygen corrosion","General external corrosion / CUI if insulated"))))) -> CO2 corrosion; Erosion-corrosion/FAC; CUI | J6: Piping Assets | K6: =COUNTIF('01_ASSET_INPUT_FULL'!B:B,"Piping") -> 345 | M6: Command | N6: When to use | O6: Blocking Rule | P6: Database Impact
B7: System | C7: SAGS | E7: PoF Score | F7: =IF(AND(C9="Steam",C10="LG",C11="CS"),4,IF(AND(C9="Steam",C10="V",C11="CS"),2,IF(AND(OR(C9="Condensate",C9="Condensate Steam"),C11="CS"),4,IF(AND(C9="NCG",C11="CS"),4,IF(C9="NCG",2,IF(AND(C9="Cooling Water",C11="CS"),3,2)))))) -> 4 | J7: Equipment Assets | K7: =COUNTIF('01_ASSET_INPUT_FULL'!B:B,"Equipment") -> 68 | M7: SEARCH / LOAD | N7: Asset Tag already exists and needs review/edit | O7: Asset Tag must exist | P7: Loads existing row into form; no database change
B8: Process Code | C8: LBA | E8: CoF Score | F8: =IF(C14="YES",5,IF(OR(C8="LBA",C8="MAC"),5,IF(OR(C8="MAG",C8="MAJ"),4,IF(OR(C8="PAB",C8="PAC",C8="PAD",C8="PAE",C8="PCB"),3,2)))) -> 5 | J8: Preview Risk | K8: =F9 -> Extreme High | M8: SAVE NEW | N8: New asset only | O8: Reject if Asset Tag already exists | P8: Appends new row to 01_ASSET_INPUT_FULL
B9: Fluid / Service | C9: Steam | E9: Risk Level | F9: =IF(OR(AND(F7>=4,F8>=4),AND(F7=5,F8>=3)),"Extreme High",IF(OR(AND(F7>=3,F8>=3),AND(F8=5,F7>=2)),"High",IF(OR(F7>=2,F8>=2),"Medium","Low"))) -> Extreme High | G9: =F9 -> Extreme High | J9: Preview ECA | K9: =F10 -> C1 | M9: UPDATE EXISTING | N9: Edit loaded asset | O9: Requires SEARCH / LOAD first | P9: Updates only the matched row
B10: Phase | C10: LG | E10: ECA Category | F10: =IF(F8>=4,"C1",IF(F8=3,"C2","C3")) -> C1 | J10: Preview Scope | K10: =F13 -> IN | M10: CLEAR FORM | N10: Reset input form | O10: None | P10: No database change
B11: Material | C11: CS | E11: Inspection Method | F11: =IF(F9="Extreme High","UT Scan + VT + TML baseline",IF(F9="High","UT / VT + targeted TML",IF(F9="Medium","VT + sampling UT","Routine VT"))) -> UT Scan + VT + TML baseline | M11: CANCEL EDIT | N11: Exit edit mode | O11: None | P11: No database change
B12: Size (inch) | C12: 12 | E12: Inspection Interval (yr) | F12: =IF(F9="Extreme High",0.5,IF(F9="High",0.5,IF(F9="Medium",1,3))) -> 0.5
B13: Is Insulated? | C13: YES | E13: RBI Scope | F13: =IF(OR(C11="FRP",C11="HDPE"),"LIMITED",IF(OR(F10="C1",F10="C2"),"IN","OUT")) -> IN
B14: Service Critical? | C14: YES | E14: Data Quality Score | F14: =ROUND(COUNTA(C5:C15)/11,2) -> 1
B15: P&ID Reference | C15: PTH2-PR-LBA-PID-IKT-50002 | E15: Control Status | F15: =IF(COUNTIF('01_ASSET_INPUT_FULL'!A:A,C5)>0,"BLOCKED - DUPLICATE TAG",IF(F14<0.8,"CHECK - INCOMPLETE DATA","READY TO SAVE NEW")) -> READY TO SAVE NEW
B16: Description / Notes | C16: New asset input preview
B19: VALIDATION PANEL | J19: DATA QUALITY
B20: Asset Tag filled | C20: =IF(C5="","❌ Missing","✔ OK") -> ✔ OK | F20: Rule | G20: Live check | J20: Required fields filled | K20: =COUNTA(C5:C11)+COUNTA(C13:C14) -> 9
B21: Asset Tag unique | C21: =IF(COUNTIF('01_ASSET_INPUT_FULL'!A:A,C5)>0,"⚠ Existing - use UPDATE","✔ New Tag") -> ✔ New Tag | F21: Rule | G21: Live check | J21: Total required fields | K21: 9
B22: Asset Type valid | C22: =IF(OR(C6="Piping",C6="Equipment",C6="Component"),"✔ OK","❌ Invalid") -> ✔ OK | F22: Rule | G22: Live check | J22: Data Quality | K22: =ROUND(K20/K21,2) -> 1
B23: Fluid filled | C23: =IF(C9="","❌ Missing","✔ OK") -> ✔ OK | F23: Rule | G23: Live check | J23: Duplicate Count | K23: =COUNTIF('01_ASSET_INPUT_FULL'!A:A,C5) -> 0
B24: Phase consistent | C24: =IF(AND(OR(C9="Steam",C9="NCG",C9="Condensate Steam"),C10=""),"⚠ Phase required",IF(AND(C9="Cooling Water",C10="V"),"⚠ Check phase","✔ OK")) -> ✔ OK | F24: Rule | G24: Live check | J24: Input Health | K24: =IF(K22>=0.9,"Strong",IF(K22>=0.7,"Moderate","Weak")) -> Strong
B25: Material/service consistency | C25: =IF(AND(C9="NCG",C11="CS"),"⚠ CS in NCG service",IF(AND(C9="Steam",OR(C11="FRP",C11="HDPE")),"❌ Invalid material for steam","✔ OK")) -> ✔ OK | F25: Rule | G25: Live check
B26: Insulation/CUI flag | C26: =IF(AND(C13="YES",OR(C11="CS",C11="SS316L",C11="SS304L",C11="Carbon Steel",C11="API5L GR.B")),"⚠ CUI screening required","✔ OK") -> ⚠ CUI screening required | F26: Rule | G26: Live check
B27: Ready to Add | C27: =IF(AND(C5<>"",COUNTIF('01_ASSET_INPUT_FULL'!A:A,C5)=0,F14>=0.8),"✔ READY TO SAVE NEW",IF(COUNTIF('01_ASSET_INPUT_FULL'!A:A,C5)>0,"⚠ EXISTING - LOAD/UPDATE","❌ NOT READY")) -> ✔ READY TO SAVE NEW | F27: Rule | G27: Live check
J28: How to use: 1) Fill INPUT FORM. 2) Review AUTO ENGINE and VALIDATION PANEL. 3) If status is READY TO ADD, run ADD ASSET macro. Professional rule: Do not bypass validation. Any new asset should enter through this control panel.
B31: ACTION PANEL — SAFE DATABASE COMMANDS
B33: SEARCH / LOAD | D33: SAVE NEW | F33: UPDATE EXISTING | H33: CLEAR FORM | J33: CANCEL EDIT
B37: Database Target | C37: 01_ASSET_INPUT_FULL | E37: Edit Mode Row
B38: Macro Status | C38: VBA-ready. Use SEARCH/LOAD before UPDATE. SAVE NEW appends a new row only. | E38: Loaded Asset Tag
B40: L3 THICKNESS / CORROSION RATE INPUT — OPTIONAL FUTURE QUANTITATIVE RBI | J40: L3 INPUT VALIDATION
B41: t_nominal (mm) | E41: CR_LT (mm/yr) | F41: =IFERROR(($C$42-$C$43)/MAX(1,($C$46-$C$47)/365),"") -> 0 | J41: Thickness complete | K41: =IF(COUNTA(C41:C45)<5,"⚠ Incomplete","✔ OK") -> ⚠ Incomplete
B42: t_initial (mm) | E42: CR_ST (mm/yr) | F42: =IFERROR(($C$45-$C$43)/MAX(1,($C$46-$C$47)/365),"") -> 0 | J42: Date complete | K42: =IF(COUNTA(C46:C47)<2,"⚠ Date incomplete","✔ OK") -> ⚠ Date incomplete
B43: t_actual (mm) | E43: Governing CR (mm/yr) | F43: =IFERROR(MAX(F41,F42),"") -> 0 | J43: Actual ≥ t_min | K43: =IF(C43="","⚠ No actual",IF(C43>=C44,"✔ OK","❌ Below t_min")) -> ⚠ No actual
B44: t_min_required (mm) | E44: Remaining Life (yr) | F44: =IFERROR(($C$43-$C$44)/F43,"") | J44: Date sequence | K44: =IF(OR(C46="",C47=""),"⚠ No dates",IF(C46>C47,"✔ OK","❌ Check dates")) -> ⚠ No dates
B45: t_previous (mm) | E45: L3 PoF Score | F45: =IF(F44="","",IF(F44<=1,5,IF(F44<=2,4,IF(F44<=5,3,IF(F44<=10,2,1))))) | J45: CR valid | K45: =IF(F43="","⚠ No CR",IF(F43>0,"✔ OK","⚠ Zero/negative CR")) -> ⚠ Zero/negative CR
B46: Inspection Date | E46: L3 Risk Level | F46: =IF(F45="","",IF(OR(AND(F45>=4,$F$8>=4),AND(F45=5,$F$8>=3)),"Extreme High",IF(OR(AND(F45>=3,$F$8>=3),AND($F$8=5,F45>=2)),"High",IF(OR(F45>=2,$F$8>=2),"Medium","Low"))))
B47: Previous Inspection Date | E47: L3 Status | F47: =IF(COUNTA($C$41:$C$47)<7,"L3 DATA INCOMPLETE",IF(F44<0,"CHECK THICKNESS INPUT","L3 PREVIEW READY")) -> L3 DATA INCOMPLETE
B49: Use this L3 section only when thickness data is available. For current greenfield/pre-baseline condition, keep L3 fields blank and use Level-2 RBI. After baseline UT, these inputs can drive corrosion rate, remaining life, and future Level-3 PoF update. | J49: RECONCILIATION
J50: Risk Engine | K50: ='16_RECONCILIATION_CHECK'!C6 -> 414
J51: Matrix Count | K51: ='16_RECONCILIATION_CHECK'!C8 -> 413
J52: Coverage | K52: ='16_RECONCILIATION_CHECK'!C11 -> 0.99758454
J53: Status | K53: ='16_RECONCILIATION_CHECK'!C13 -> CHECK REQUIRED

Sheet 00_DASHBOARD
A1: RBI MINI APM SYSTEM | PATUHA UNIT-2 | Z1: User Guide
A3: Executive dashboard — linked KPI, risk distribution, model health, and GDE reference basis
B5: TOTAL ASSETS | E5: PIPING ASSETS | H5: EQUIPMENT ASSETS | K5: CORROSION LOOPS | N5: RECONCILIATION
B6: =COUNTA('01_ASSET_INPUT_FULL'!A:A)-1 -> 414 | E6: =COUNTIF('01_ASSET_INPUT_FULL'!B:B,"Piping") -> 345 | H6: =COUNTIF('01_ASSET_INPUT_FULL'!B:B,"Equipment") -> 68 | K6: =COUNTA('04_CORROSION_LOOP_MODEL'!A:A)-1 -> 99 | N6: ='16_RECONCILIATION_CHECK'!C13 -> CHECK REQUIRED
B9: =HYPERLINK("#'00_INPUT_CONTROL_PANEL'!A1","INPUT") -> INPUT | D9: =HYPERLINK("#'08_GDE_RISK_ENGINE'!A1","RISK ENGINE") -> RISK ENGINE | F9: =HYPERLINK("#'14_GDE_RISK_MATRIX_DASHBOARD'!A1","RISK MATRIX") -> RISK MATRIX | H9: =HYPERLINK("#'16_RECONCILIATION_CHECK'!A1","RECONCILIATION") -> RECONCILIATION | J9: =HYPERLINK("#'00_USER_GUIDE_FLOW'!A1","USER GUIDE") -> USER GUIDE | L9: =HYPERLINK("#'18_GB_CODE_MASTER'!A1","GB CODE MASTER") -> GB CODE MASTER
B12: Risk Distribution | I12: Asset Split by System | O12: Model Health
B13: Risk Level | C13: Count | D13: % | I13: System | J13: Count | O13: Metric | Q13: Value
B14: Extreme High | C14: =COUNTIF('08_GDE_RISK_ENGINE'!G:G,"Extreme High") -> 23 | D14: =IFERROR(C14/SUM($C$14:$C$17),0) -> 0.055690073 | I14: SAGS | J14: =COUNTIF('01_ASSET_INPUT_FULL'!D:D,"SAGS") -> 105 | O14: Risk Engine | Q14: ='16_RECONCILIATION_CHECK'!C6 -> 414
B15: High | C15: =COUNTIF('08_GDE_RISK_ENGINE'!G:G,"High") -> 261 | D15: =IFERROR(C15/SUM($C$14:$C$17),0) -> 0.63196126 | I15: Power Block | J15: =COUNTIF('01_ASSET_INPUT_FULL'!D:D,"Power Block") -> 65 | O15: Matrix Count | Q15: ='16_RECONCILIATION_CHECK'!C8 -> 413
B16: Medium | C16: =COUNTIF('08_GDE_RISK_ENGINE'!G:G,"Medium") -> 70 | D16: =IFERROR(C16/SUM($C$14:$C$17),0) -> 0.16949153 | I16: BOP/Utility | J16: =COUNTIF('01_ASSET_INPUT_FULL'!D:D,"BOP/Utility") -> 230 | O16: Coverage | Q16: ='16_RECONCILIATION_CHECK'!C11 -> 0.99758454
B17: Low | C17: =COUNTIF('08_GDE_RISK_ENGINE'!G:G,"Low") -> 59 | D17: =IFERROR(C17/SUM($C$14:$C$17),0) -> 0.14285714 | I17: Equipment | J17: =COUNTIF('01_ASSET_INPUT_FULL'!D:D,"Equipment") -> 6 | O17: Status | Q17: ='16_RECONCILIATION_CHECK'!C13 -> CHECK REQUIRED
B20: Top Risk Assets — current model output
B21: Asset Tag | C21: Type | D21: System | E21: Process | F21: Fluid | G21: State | H21: Material | I21: Loop / Model | J21: PoF | K21: CoF | L21: Risk | M21: Interval
B22: ='08_GDE_RISK_ENGINE'!A4 -> P2LBA11 BR001 | C22: ='08_GDE_RISK_ENGINE'!B4 -> Piping | D22: ='08_GDE_RISK_ENGINE'!C4 -> SAGS | E22: =IFERROR(VLOOKUP(B22,'01_ASSET_INPUT_FULL'!A:U,5,FALSE),"") -> LBA | F22: =IFERROR(VLOOKUP(B22,'01_ASSET_INPUT_FULL'!A:U,16,FALSE),"") -> Steam | G22: =IFERROR(VLOOKUP(B22,'01_ASSET_INPUT_FULL'!A:U,17,FALSE),"") -> LG | H22: =IFERROR(VLOOKUP(B22,'01_ASSET_INPUT_FULL'!A:U,12,FALSE),"") -> CS | I22: ='08_GDE_RISK_ENGINE'!D4 -> CL-SAGS-LBA-STEAM-CS-LG-T3_150C_PLUS | J22: ='08_GDE_RISK_ENGINE'!E4 -> 4 | K22: ='08_GDE_RISK_ENGINE'!F4 -> 5 | L22: ='08_GDE_RISK_ENGINE'!G4 -> Extreme High | M22: =IFERROR(VLOOKUP(B22,'09_INSPECTION_STRATEGY'!A:G,7,FALSE),"") -> 0.5
B23: ='08_GDE_RISK_ENGINE'!A5 -> P2LBA11 BR501 | C23: ='08_GDE_RISK_ENGINE'!B5 -> Piping | D23: ='08_GDE_RISK_ENGINE'!C5 -> SAGS | E23: =IFERROR(VLOOKUP(B23,'01_ASSET_INPUT_FULL'!A:U,5,FALSE),"") -> LBA | F23: =IFERROR(VLOOKUP(B23,'01_ASSET_INPUT_FULL'!A:U,16,FALSE),"") -> Steam | G23: =IFERROR(VLOOKUP(B23,'01_ASSET_INPUT_FULL'!A:U,17,FALSE),"") -> LG | H23: =IFERROR(VLOOKUP(B23,'01_ASSET_INPUT_FULL'!A:U,12,FALSE),"") -> CS | I23: ='08_GDE_RISK_ENGINE'!D5 -> CL-SAGS-LBA-STEAM-CS-LG-T3_150C_PLUS | J23: ='08_GDE_RISK_ENGINE'!E5 -> 4 | K23: ='08_GDE_RISK_ENGINE'!F5 -> 5 | L23: ='08_GDE_RISK_ENGINE'!G5 -> Extreme High | M23: =IFERROR(VLOOKUP(B23,'09_INSPECTION_STRATEGY'!A:G,7,FALSE),"") -> 0.5
B24: ='08_GDE_RISK_ENGINE'!A6 -> P2LBA11 BR011 | C24: ='08_GDE_RISK_ENGINE'!B6 -> Piping | D24: ='08_GDE_RISK_ENGINE'!C6 -> SAGS | E24: =IFERROR(VLOOKUP(B24,'01_ASSET_INPUT_FULL'!A:U,5,FALSE),"") -> LBA | F24: =IFERROR(VLOOKUP(B24,'01_ASSET_INPUT_FULL'!A:U,16,FALSE),"") -> Steam | G24: =IFERROR(VLOOKUP(B24,'01_ASSET_INPUT_FULL'!A:U,17,FALSE),"") -> LG | H24: =IFERROR(VLOOKUP(B24,'01_ASSET_INPUT_FULL'!A:U,12,FALSE),"") -> CS | I24: ='08_GDE_RISK_ENGINE'!D6 -> CL-SAGS-LBA-STEAM-CS-LG-T3_150C_PLUS | J24: ='08_GDE_RISK_ENGINE'!E6 -> 4 | K24: ='08_GDE_RISK_ENGINE'!F6 -> 5 | L24: ='08_GDE_RISK_ENGINE'!G6 -> Extreme High | M24: =IFERROR(VLOOKUP(B24,'09_INSPECTION_STRATEGY'!A:G,7,FALSE),"") -> 0.5
B25: ='08_GDE_RISK_ENGINE'!A7 -> P2LBA11 BR003 | C25: ='08_GDE_RISK_ENGINE'!B7 -> Piping | D25: ='08_GDE_RISK_ENGINE'!C7 -> SAGS | E25: =IFERROR(VLOOKUP(B25,'01_ASSET_INPUT_FULL'!A:U,5,FALSE),"") -> LBA | F25: =IFERROR(VLOOKUP(B25,'01_ASSET_INPUT_FULL'!A:U,16,FALSE),"") -> Steam | G25: =IFERROR(VLOOKUP(B25,'01_ASSET_INPUT_FULL'!A:U,17,FALSE),"") -> LG | H25: =IFERROR(VLOOKUP(B25,'01_ASSET_INPUT_FULL'!A:U,12,FALSE),"") -> CS | I25: ='08_GDE_RISK_ENGINE'!D7 -> CL-SAGS-LBA-STEAM-CS-LG-T3_150C_PLUS | J25: ='08_GDE_RISK_ENGINE'!E7 -> 4 | K25: ='08_GDE_RISK_ENGINE'!F7 -> 5 | L25: ='08_GDE_RISK_ENGINE'!G7 -> Extreme High | M25: =IFERROR(VLOOKUP(B25,'09_INSPECTION_STRATEGY'!A:G,7,FALSE),"") -> 0.5
B26: ='08_GDE_RISK_ENGINE'!A8 -> P2LBA11 BR010 | C26: ='08_GDE_RISK_ENGINE'!B8 -> Piping | D26: ='08_GDE_RISK_ENGINE'!C8 -> SAGS | E26: =IFERROR(VLOOKUP(B26,'01_ASSET_INPUT_FULL'!A:U,5,FALSE),"") -> LBA | F26: =IFERROR(VLOOKUP(B26,'01_ASSET_INPUT_FULL'!A:U,16,FALSE),"") -> Steam | G26: =IFERROR(VLOOKUP(B26,'01_ASSET_INPUT_FULL'!A:U,17,FALSE),"") -> LG | H26: =IFERROR(VLOOKUP(B26,'01_ASSET_INPUT_FULL'!A:U,12,FALSE),"") -> CS | I26: ='08_GDE_RISK_ENGINE'!D8 -> CL-SAGS-LBA-STEAM-CS-LG-T3_150C_PLUS | J26: ='08_GDE_RISK_ENGINE'!E8 -> 4 | K26: ='08_GDE_RISK_ENGINE'!F8 -> 5 | L26: ='08_GDE_RISK_ENGINE'!G8 -> Extreme High | M26: =IFERROR(VLOOKUP(B26,'09_INSPECTION_STRATEGY'!A:G,7,FALSE),"") -> 0.5
B27: ='08_GDE_RISK_ENGINE'!A9 -> P2LBA11 BR301 | C27: ='08_GDE_RISK_ENGINE'!B9 -> Piping | D27: ='08_GDE_RISK_ENGINE'!C9 -> SAGS | E27: =IFERROR(VLOOKUP(B27,'01_ASSET_INPUT_FULL'!A:U,5,FALSE),"") -> LBA | F27: =IFERROR(VLOOKUP(B27,'01_ASSET_INPUT_FULL'!A:U,16,FALSE),"") -> Steam | G27: =IFERROR(VLOOKUP(B27,'01_ASSET_INPUT_FULL'!A:U,17,FALSE),"") -> LG | H27: =IFERROR(VLOOKUP(B27,'01_ASSET_INPUT_FULL'!A:U,12,FALSE),"") -> CS | I27: ='08_GDE_RISK_ENGINE'!D9 -> CL-SAGS-LBA-STEAM-CS-LG-T3_150C_PLUS | J27: ='08_GDE_RISK_ENGINE'!E9 -> 4 | K27: ='08_GDE_RISK_ENGINE'!F9 -> 5 | L27: ='08_GDE_RISK_ENGINE'!G9 -> Extreme High | M27: =IFERROR(VLOOKUP(B27,'09_INSPECTION_STRATEGY'!A:G,7,FALSE),"") -> 0.5
B28: ='08_GDE_RISK_ENGINE'!A10 -> P2LBA12 BR001 | C28: ='08_GDE_RISK_ENGINE'!B10 -> Piping | D28: ='08_GDE_RISK_ENGINE'!C10 -> SAGS | E28: =IFERROR(VLOOKUP(B28,'01_ASSET_INPUT_FULL'!A:U,5,FALSE),"") -> LBA | F28: =IFERROR(VLOOKUP(B28,'01_ASSET_INPUT_FULL'!A:U,16,FALSE),"") -> Steam | G28: =IFERROR(VLOOKUP(B28,'01_ASSET_INPUT_FULL'!A:U,17,FALSE),"") -> V | H28: =IFERROR(VLOOKUP(B28,'01_ASSET_INPUT_FULL'!A:U,12,FALSE),"") -> CS | I28: ='08_GDE_RISK_ENGINE'!D10 -> CL-SAGS-LBA-STEAM-CS-V-T3_150C_PLUS | J28: ='08_GDE_RISK_ENGINE'!E10 -> 2 | K28: ='08_GDE_RISK_ENGINE'!F10 -> 5 | L28: ='08_GDE_RISK_ENGINE'!G10 -> High | M28: =IFERROR(VLOOKUP(B28,'09_INSPECTION_STRATEGY'!A:G,7,FALSE),"") -> 0.5
B29: ='08_GDE_RISK_ENGINE'!A11 -> P2LBA12 BR501 | C29: ='08_GDE_RISK_ENGINE'!B11 -> Piping | D29: ='08_GDE_RISK_ENGINE'!C11 -> SAGS | E29: =IFERROR(VLOOKUP(B29,'01_ASSET_INPUT_FULL'!A:U,5,FALSE),"") -> LBA | F29: =IFERROR(VLOOKUP(B29,'01_ASSET_INPUT_FULL'!A:U,16,FALSE),"") -> Steam | G29: =IFERROR(VLOOKUP(B29,'01_ASSET_INPUT_FULL'!A:U,17,FALSE),"") -> V | H29: =IFERROR(VLOOKUP(B29,'01_ASSET_INPUT_FULL'!A:U,12,FALSE),"") -> CS | I29: ='08_GDE_RISK_ENGINE'!D11 -> CL-SAGS-LBA-STEAM-CS-V-T3_150C_PLUS | J29: ='08_GDE_RISK_ENGINE'!E11 -> 2 | K29: ='08_GDE_RISK_ENGINE'!F11 -> 5 | L29: ='08_GDE_RISK_ENGINE'!G11 -> High | M29: =IFERROR(VLOOKUP(B29,'09_INSPECTION_STRATEGY'!A:G,7,FALSE),"") -> 0.5
B30: ='08_GDE_RISK_ENGINE'!A12 -> P2LBA12 BR011 | C30: ='08_GDE_RISK_ENGINE'!B12 -> Piping | D30: ='08_GDE_RISK_ENGINE'!C12 -> SAGS | E30: =IFERROR(VLOOKUP(B30,'01_ASSET_INPUT_FULL'!A:U,5,FALSE),"") -> LBA | F30: =IFERROR(VLOOKUP(B30,'01_ASSET_INPUT_FULL'!A:U,16,FALSE),"") -> Steam | G30: =IFERROR(VLOOKUP(B30,'01_ASSET_INPUT_FULL'!A:U,17,FALSE),"") -> V | H30: =IFERROR(VLOOKUP(B30,'01_ASSET_INPUT_FULL'!A:U,12,FALSE),"") -> CS | I30: ='08_GDE_RISK_ENGINE'!D12 -> CL-SAGS-LBA-STEAM-CS-V-T3_150C_PLUS | J30: ='08_GDE_RISK_ENGINE'!E12 -> 2 | K30: ='08_GDE_RISK_ENGINE'!F12 -> 5 | L30: ='08_GDE_RISK_ENGINE'!G12 -> High | M30: =IFERROR(VLOOKUP(B30,'09_INSPECTION_STRATEGY'!A:G,7,FALSE),"") -> 0.5
B31: ='08_GDE_RISK_ENGINE'!A13 -> P2LBA12 BR003 | C31: ='08_GDE_RISK_ENGINE'!B13 -> Piping | D31: ='08_GDE_RISK_ENGINE'!C13 -> SAGS | E31: =IFERROR(VLOOKUP(B31,'01_ASSET_INPUT_FULL'!A:U,5,FALSE),"") -> LBA | F31: =IFERROR(VLOOKUP(B31,'01_ASSET_INPUT_FULL'!A:U,16,FALSE),"") -> Steam | G31: =IFERROR(VLOOKUP(B31,'01_ASSET_INPUT_FULL'!A:U,17,FALSE),"") -> V | H31: =IFERROR(VLOOKUP(B31,'01_ASSET_INPUT_FULL'!A:U,12,FALSE),"") -> CS | I31: ='08_GDE_RISK_ENGINE'!D13 -> CL-SAGS-LBA-STEAM-CS-V-T3_150C_PLUS | J31: ='08_GDE_RISK_ENGINE'!E13 -> 2 | K31: ='08_GDE_RISK_ENGINE'!F13 -> 5 | L31: ='08_GDE_RISK_ENGINE'!G13 -> High | M31: =IFERROR(VLOOKUP(B31,'09_INSPECTION_STRATEGY'!A:G,7,FALSE),"") -> 0.5
B34: Source Documents & Basis
B35: Document
B36: Line List SAGS Area
B37: Line List Power Plant Area
B38: Equipment List
A46: =HYPERLINK("#'18_GB_CODE_MASTER'!A1","GB/KKS Code Master") -> GB/KKS Code Master

Sheet 01_ASSET_INPUT_FULL
A1: 01 Asset Input Full - Lines and Equipment
A3: Asset Tag | B3: Asset Type | C3: Source Area | D3: System | E3: Process Code | F3: Process Description | G3: KKS Level 2 | H3: Description | I3: Equipment Class | J3: Main Size (inch) | K3: Material | L3: Material Family | M3: Schedule | N3: Rating | O3: Piping Spec | P3: Fluid | Q3: Fluid State | R3: P&ID | S3: Operating Pressure (barG) | T3: Operating Temperature (degC) | U3: RBI Scope
A4: P2LBA11 BR001 | B4: Piping | C4: SAGS | D4: SAGS | E4: LBA | F4: Main Steam SAGS to Demister | G4: 11 | J4: 12 | K4: CS | L4: CS | M4: 14.27 | N4: 300 | O4: BSA6V | P4: Steam | Q4: LG | R4: PTH2-PR-LBA-PID-IKT-50002 | U4: IN
A5: P2LBA11 BR501 | B5: Piping | C5: SAGS | D5: SAGS | E5: LBA | F5: Main Steam SAGS to Demister | G5: 11 | J5: 12 | K5: CS | L5: CS | M5: STD | N5: 300 | O5: BSA6V | P5: Steam | Q5: LG | R5: PTH2-PR-LBA-PID-IKT-50001 | U5: IN
A6: P2LBA11 BR011 | B6: Piping | C6: SAGS | D6: SAGS | E6: LBA | F6: Main Steam SAGS to Demister | G6: 11 | J6: 2 | K6: CS | L6: CS | M6: S160 | N6: 300 | O6: BSA6V | P6: Steam | Q6: LG | R6: PTH2-PR-LBA-PID-IKT-50001 | U6: IN
A7: P2LBA11 BR003 | B7: Piping | C7: SAGS | D7: SAGS | E7: LBA | F7: Main Steam SAGS to Demister | G7: 11 | J7: 14 | K7: CS | L7: CS | M7: S40 | N7: 150 | O7: ASA6V | P7: Steam | Q7: LG | R7: PTH2-PR-LBA-PID-IKT-50001 | U7: IN
A8: P2LBA11 BR010 | B8: Piping | C8: SAGS | D8: SAGS | E8: LBA | F8: Main Steam SAGS to Demister | G8: 11 | J8: 3 | K8: CS | L8: CS | M8: XXS | N8: 300 | O8: BSA6V | P8: Steam | Q8: LG | R8: PTH2-PR-LBA-PID-IKT-50001 | U8: IN
A9: P2LBA11 BR301 | B9: Piping | C9: SAGS | D9: SAGS | E9: LBA | F9: Main Steam SAGS to Demister | G9: 11 | J9: 3 | K9: CS | L9: CS | M9: XXS | N9: 300 | O9: BSA6V | P9: Steam | Q9: LG | R9: PTH2-PR-LBA-PID-IKT-50001 | S9: 14.5 | T9: 199.3 | U9: IN
A10: P2LBA12 BR001 | B10: Piping | C10: SAGS | D10: SAGS | E10: LBA | F10: Main Steam SAGS to Demister | G10: 12 | J10: 12 | K10: CS | L10: CS | M10: 14.27 | N10: 300 | O10: BSA6V | P10: Steam | Q10: V | R10: PTH2-PR-LBA-PID-IKT-50002 | U10: IN
A11: P2LBA12 BR501 | B11: Piping | C11: SAGS | D11: SAGS | E11: LBA | F11: Main Steam SAGS to Demister | G11: 12 | J11: 12 | K11: CS | L11: CS | M11: 14.27 | N11: 300 | O11: BSA6V | P11: Steam | Q11: V | R11: PTH2-PR-LBA-PID-IKT-50002 | U11: IN
A12: P2LBA12 BR011 | B12: Piping | C12: SAGS | D12: SAGS | E12: LBA | F12: Main Steam SAGS to Demister | G12: 12 | J12: 2 | K12: CS | L12: CS | M12: S160 | N12: 300 | O12: BSA6V | P12: Steam | Q12: V | R12: PTH2-PR-LBA-PID-IKT-50002 | U12: IN
A13: P2LBA12 BR003 | B13: Piping | C13: SAGS | D13: SAGS | E13: LBA | F13: Main Steam SAGS to Demister | G13: 12 | J13: 14 | K13: CS | L13: CS | M13: S40 | N13: 150 | O13: ASA6V | P13: Steam | Q13: V | R13: PTH2-PR-LBA-PID-IKT-50002 | U13: IN
A14: P2LBA12 BR010 | B14: Piping | C14: SAGS | D14: SAGS | E14: LBA | F14: Main Steam SAGS to Demister | G14: 12 | J14: 3 | K14: CS | L14: CS | M14: XXS | N14: 300 | O14: BSA6V | P14: Steam | Q14: V | R14: PTH2-PR-LBA-PID-IKT-50002 | U14: IN
A15: P2LBA12 BR301 | B15: Piping | C15: SAGS | D15: SAGS | E15: LBA | F15: Main Steam SAGS to Demister | G15: 12 | J15: 3 | K15: CS | L15: CS | M15: XXS | N15: 300 | O15: BSA6V | P15: Steam | Q15: V | R15: PTH2-PR-LBA-PID-IKT-50002 | S15: 10.4 | T15: 185.1 | U15: IN
A16: P2LBA13 BR001 | B16: Piping | C16: SAGS | D16: SAGS | E16: LBA | F16: Main Steam SAGS to Demister | G16: 13 | J16: 12 | K16: CS | L16: CS | M16: 14.27 | N16: 300 | O16: BSA6V | P16: Steam | Q16: V | R16: PTH2-PR-LBA-PID-IKT-50002 | U16: IN
A17: P2LBA13 BR501 | B17: Piping | C17: SAGS | D17: SAGS | E17: LBA | F17: Main Steam SAGS to Demister | G17: 13 | J17: 12 | K17: CS | L17: CS | M17: 14.27 | N17: 300 | O17: BSA6V | P17: Steam | Q17: V | R17: PTH2-PR-LBA-PID-IKT-50002 | U17: IN
A18: P2LBA13 BR011 | B18: Piping | C18: SAGS | D18: SAGS | E18: LBA | F18: Main Steam SAGS to Demister | G18: 13 | J18: 2 | K18: CS | L18: CS | M18: S160 | N18: 300 | O18: BSA6V | P18: Steam | Q18: V | R18: PTH2-PR-LBA-PID-IKT-50002 | U18: IN
A19: P2LBA13 BR003 | B19: Piping | C19: SAGS | D19: SAGS | E19: LBA | F19: Main Steam SAGS to Demister | G19: 13 | J19: 14 | K19: CS | L19: CS | M19: S40 | N19: 150 | O19: ASA6V | P19: Steam | Q19: V | R19: PTH2-PR-LBA-PID-IKT-50002 | U19: IN
A20: P2LBA13 BR010 | B20: Piping | C20: SAGS | D20: SAGS | E20: LBA | F20: Main Steam SAGS to Demister | G20: 13 | J20: 3 | K20: CS | L20: CS | M20: XXS | N20: 300 | O20: BSA6V | P20: Steam | Q20: V | R20: PTH2-PR-LBA-PID-IKT-50002 | U20: IN
A21: P2LBA13 BR301 | B21: Piping | C21: SAGS | D21: SAGS | E21: LBA | F21: Main Steam SAGS to Demister | G21: 13 | J21: 3 | K21: CS | L21: CS | M21: XXS | N21: 300 | O21: BSA6V | P21: Steam | Q21: V | R21: PTH2-PR-LBA-PID-IKT-50002 | S21: 9.6 | T21: 181.8 | U21: IN
A22: P2LBA10 BR002 | B22: Piping | C22: SAGS | D22: SAGS | E22: LBA | F22: Main Steam SAGS to Demister | G22: 10 | J22: 20 | K22: CS | L22: CS | M22: XS | N22: 150 | O22: ASA6V | P22: Steam | Q22: V | R22: PTH2-PR-LBA-PID-IKT-50002 | U22: IN
A23: P2LBA14 BR001 | B23: Piping | C23: SAGS | D23: SAGS | E23: LBA | F23: Main Steam SAGS to Demister | G23: 14 | J23: 12 | K23: CS | L23: CS | M23: 14.27 | N23: 300 | O23: BSA6V | P23: Steam | Q23: V | R23: PTH2-PR-LBA-PID-IKT-50003 | U23: IN
A24: P2LBA14 BR501 | B24: Piping | C24: SAGS | D24: SAGS | E24: LBA | F24: Main Steam SAGS to Demister | G24: 14 | J24: 12 | K24: CS | L24: CS | M24: 14.27 | N24: 300 | O24: BSA6V | P24: Steam | Q24: V | R24: PTH2-PR-LBA-PID-IKT-50003 | U24: IN
A25: P2LBA14 BR003 | B25: Piping | C25: SAGS | D25: SAGS | E25: LBA | F25: Main Steam SAGS to Demister | G25: 14 | J25: 14 | K25: CS | L25: CS | M25: S40 | N25: 150 | O25: ASA6V | P25: Steam | Q25: V | R25: PTH2-PR-LBA-PID-IKT-50003 | U25: IN
A26: P2LBA14 BR011 | B26: Piping | C26: SAGS | D26: SAGS | E26: LBA | F26: Main Steam SAGS to Demister | G26: 14 | J26: 2 | K26: CS | L26: CS | M26: S160 | N26: 300 | O26: BSA6V | P26: Steam | Q26: V | R26: PTH2-PR-LBA-PID-IKT-50003 | U26: IN
A27: P2LBA14 BR010 | B27: Piping | C27: SAGS | D27: SAGS | E27: LBA | F27: Main Steam SAGS to Demister | G27: 14 | J27: 3 | K27: CS | L27: CS | M27: XXS | N27: 300 | O27: BSA6V | P27: Steam | Q27: V | R27: PTH2-PR-LBA-PID-IKT-50003 | U27: IN
A28: P2LBA14 BR301 | B28: Piping | C28: SAGS | D28: SAGS | E28: LBA | F28: Main Steam SAGS to Demister | G28: 14 | J28: 3 | K28: CS | L28: CS | M28: XXS | N28: 300 | O28: BSA6V | P28: Steam | Q28: V | R28: PTH2-PR-LBA-PID-IKT-50003 | S28: 8.5 | T28: 176.9 | U28: IN
A29: P2LBA21 BR001 | B29: Piping | C29: SAGS | D29: SAGS | E29: LBA | F29: Main Steam SAGS to Demister | G29: 21 | J29: 12 | K29: CS | L29: CS | M29: 14.27 | N29: 300 | O29: BSA6V | P29: Steam | Q29: V | R29: PTH2-PR-LBA-PID-IKT-50004 | U29: IN
A30: P2LBA21 BR501 | B30: Piping | C30: SAGS | D30: SAGS | E30: LBA | F30: Main Steam SAGS to Demister | G30: 21 | J30: 12 | K30: CS | L30: CS | M30: 14.27 | N30: 300 | O30: BSA6V | P30: Steam | Q30: V | R30: PTH2-PR-LBA-PID-IKT-50004 | U30: IN
A31: P2LBA21 BR010 | B31: Piping | C31: SAGS | D31: SAGS | E31: LBA | F31: Main Steam SAGS to Demister | G31: 21 | J31: 3 | K31: CS | L31: CS | M31: XXS | N31: 300 | O31: BSA6V | P31: Steam | Q31: V | R31: PTH2-PR-LBA-PID-IKT-50004 | U31: IN
A32: P2LBA21 BR301 | B32: Piping | C32: SAGS | D32: SAGS | E32: LBA | F32: Main Steam SAGS to Demister | G32: 21 | J32: 3 | K32: CS | L32: CS | M32: XXS | N32: 300 | O32: BSA6V | P32: Steam | Q32: V | R32: PTH2-PR-LBA-PID-IKT-50004 | S32: 15.4 | T32: 201.9 | U32: IN
A33: P2LBA22 BR001 | B33: Piping | C33: SAGS | D33: SAGS | E33: LBA | F33: Main Steam SAGS to Demister | G33: 22 | J33: 12 | K33: CS | L33: CS | M33: 14.27 | N33: 300 | O33: BSA6V | P33: Steam | Q33: V | R33: PTH2-PR-LBA-PID-IKT-50004 | U33: IN
A34: P2LBA22 BR501 | B34: Piping | C34: SAGS | D34: SAGS | E34: LBA | F34: Main Steam SAGS to Demister | G34: 22 | J34: 12 | K34: CS | L34: CS | M34: 14.27 | N34: 300 | O34: BSA6V | P34: Steam | Q34: V | R34: PTH2-PR-LBA-PID-IKT-50004 | U34: IN
A35: P2LBA22 BR011 | B35: Piping | C35: SAGS | D35: SAGS | E35: LBA | F35: Main Steam SAGS to Demister | G35: 22 | J35: 2 | K35: CS | L35: CS | M35: S160 | N35: 300 | O35: BSA6V | P35: Steam | Q35: V | R35: PTH2-PR-LBA-PID-IKT-50004 | U35: IN
A36: P2LBA22 BR010 | B36: Piping | C36: SAGS | D36: SAGS | E36: LBA | F36: Main Steam SAGS to Demister | G36: 22 | J36: 3 | K36: CS | L36: CS | M36: XXS | N36: 300 | O36: BSA6V | P36: Steam | Q36: V | R36: PTH2-PR-LBA-PID-IKT-50004 | U36: IN
A37: P2LBA22 BR301 | B37: Piping | C37: SAGS | D37: SAGS | E37: LBA | F37: Main Steam SAGS to Demister | G37: 22 | J37: 3 | K37: CS | L37: CS | M37: XXS | N37: 300 | O37: BSA6V | P37: Steam | Q37: V | R37: PTH2-PR-LBA-PID-IKT-50004 | S37: 18.2 | T37: 209.9 | U37: IN
A38: P2LBA25 BR001 | B38: Piping | C38: SAGS | D38: SAGS | E38: LBA | F38: Main Steam SAGS to Demister | G38: 25 | J38: 12 | K38: CS | L38: CS | M38: 14.27 | N38: 300 | O38: BSA6V | P38: Steam | Q38: V | R38: PTH2-PR-LBA-PID-IKT-50005 | U38: IN
A39: P2LBA25 BR501 | B39: Piping | C39: SAGS | D39: SAGS | E39: LBA | F39: Main Steam SAGS to Demister | G39: 25 | J39: 12 | K39: CS | L39: CS | M39: 14.27 | N39: 300 | O39: BSA6V | P39: Steam | Q39: V | R39: PTH2-PR-LBA-PID-IKT-50005 | U39: IN
A40: P2LBA25 BR003 | B40: Piping | C40: SAGS | D40: SAGS | E40: LBA | F40: Main Steam SAGS to Demister | G40: 25 | J40: 14 | K40: CS | L40: CS | M40: S40 | N40: 150 | O40: ASA6V | P40: Steam | Q40: V | R40: PTH2-PR-LBA-PID-IKT-50005 | U40: IN
A41: P2LBA25 BR011 | B41: Piping | C41: SAGS | D41: SAGS | E41: LBA | F41: Main Steam SAGS to Demister | G41: 25 | J41: 2 | K41: CS | L41: CS | M41: S160 | N41: 300 | O41: BSA6V | P41: Steam | Q41: V | R41: PTH2-PR-LBA-PID-IKT-50005 | U41: IN
A42: P2LBA25 BR010 | B42: Piping | C42: SAGS | D42: SAGS | E42: LBA | F42: Main Steam SAGS to Demister | G42: 25 | J42: 3 | K42: CS | L42: CS | M42: XXS | N42: 300 | O42: BSA6V | P42: Steam | Q42: V | R42: PTH2-PR-LBA-PID-IKT-50005 | U42: IN
A43: P2LBA25 BR301 | B43: Piping | C43: SAGS | D43: SAGS | E43: LBA | F43: Main Steam SAGS to Demister | G43: 25 | J43: 3 | K43: CS | L43: CS | M43: XXS | N43: 300 | O43: BSA6V | P43: Steam | Q43: V | R43: PTH2-PR-LBA-PID-IKT-50005 | S43: 9.3 | T43: 180.2 | U43: IN
A44: P2LBA26 BR001 | B44: Piping | C44: SAGS | D44: SAGS | E44: LBA | F44: Main Steam SAGS to Demister | G44: 26 | J44: 12 | K44: CS | L44: CS | M44: 14.27 | N44: 300 | O44: BSA6V | P44: Steam | Q44: LG | R44: PTH2-PR-LBA-PID-IKT-50005 | U44: IN
A45: P2LBA26 BR501 | B45: Piping | C45: SAGS | D45: SAGS | E45: LBA | F45: Main Steam SAGS to Demister | G45: 26 | J45: 12 | K45: CS | L45: CS | M45: 14.27 | N45: 300 | O45: BSA6V | P45: Steam | Q45: LG | R45: PTH2-PR-LBA-PID-IKT-50005 | U45: IN
A46: P2LBA26 BR003 | B46: Piping | C46: SAGS | D46: SAGS | E46: LBA | F46: Main Steam SAGS to Demister | G46: 26 | J46: 14 | K46: CS | L46: CS | M46: S40 | N46: 150 | O46: ASA6V | P46: Steam | Q46: LG | R46: PTH2-PR-LBA-PID-IKT-50005 | U46: IN
A47: P2LBA26 BR011 | B47: Piping | C47: SAGS | D47: SAGS | E47: LBA | F47: Main Steam SAGS to Demister | G47: 26 | J47: 2 | K47: CS | L47: CS | M47: S160 | N47: 300 | O47: BSA6V | P47: Steam | Q47: LG | R47: PTH2-PR-LBA-PID-IKT-50005 | U47: IN
A48: P2LBA26 BR010 | B48: Piping | C48: SAGS | D48: SAGS | E48: LBA | F48: Main Steam SAGS to Demister | G48: 26 | J48: 3 | K48: CS | L48: CS | M48: XXS | N48: 300 | O48: BSA6V | P48: Steam | Q48: LG | R48: PTH2-PR-LBA-PID-IKT-50005 | U48: IN
A49: P2LBA26 BR301 | B49: Piping | C49: SAGS | D49: SAGS | E49: LBA | F49: Main Steam SAGS to Demister | G49: 26 | J49: 3 | K49: CS | L49: CS | M49: XXS | N49: 300 | O49: BSA6V | P49: Steam | Q49: LG | R49: PTH2-PR-LBA-PID-IKT-50005 | S49: 9 | T49: 179.1 | U49: IN
A50: P2LBA27 BR001 | B50: Piping | C50: SAGS | D50: SAGS | E50: LBA | F50: Main Steam SAGS to Demister | G50: 27 | J50: 12 | K50: CS | L50: CS | M50: 14.27 | N50: 300 | O50: BSA6V | P50: Steam | Q50: LG | R50: PTH2-PR-LBA-PID-IKT-50005 | U50: IN
A51: P2LBA27 BR501 | B51: Piping | C51: SAGS | D51: SAGS | E51: LBA | F51: Main Steam SAGS to Demister | G51: 27 | J51: 12 | K51: CS | L51: CS | M51: 14.27 | N51: 300 | O51: BSA6V | P51: Steam | Q51: LG | R51: PTH2-PR-LBA-PID-IKT-50005 | U51: IN
A52: P2LBA27 BR011 | B52: Piping | C52: SAGS | D52: SAGS | E52: LBA | F52: Main Steam SAGS to Demister | G52: 27 | J52: 2 | K52: CS | L52: CS | M52: S160 | N52: 300 | O52: BSA6V | P52: Steam | Q52: LG | R52: PTH2-PR-LBA-PID-IKT-50005 | U52: IN
A53: P2LBA27 BR010 | B53: Piping | C53: SAGS | D53: SAGS | E53: LBA | F53: Main Steam SAGS to Demister | G53: 27 | J53: 3 | K53: CS | L53: CS | M53: XXS | N53: 300 | O53: BSA6V | P53: Steam | Q53: LG | R53: PTH2-PR-LBA-PID-IKT-50005 | U53: IN
A54: P2LBA27 BR301 | B54: Piping | C54: SAGS | D54: SAGS | E54: LBA | F54: Main Steam SAGS to Demister | G54: 27 | J54: 3 | K54: CS | L54: CS | M54: XXS | N54: 300 | O54: BSA6V | P54: Steam | Q54: LG | R54: PTH2-PR-LBA-PID-IKT-50005 | S54: 12.7 | T54: 193.2 | U54: IN
A55: P2LBA28 BR001 | B55: Piping | C55: SAGS | D55: SAGS | E55: LBA | F55: Main Steam SAGS to Demister | G55: 28 | J55: 12 | K55: CS | L55: CS | M55: 14.27 | N55: 300 | O55: BSA6V | P55: Steam | Q55: V | R55: PTH2-PR-LBA-PID-IKT-50006 | U55: IN
A56: P2LBA28 BR501 | B56: Piping | C56: SAGS | D56: SAGS | E56: LBA | F56: Main Steam SAGS to Demister | G56: 28 | J56: 14 | K56: CS | L56: CS | M56: 14.27 | N56: 300 | O56: BSA6V | P56: Steam | Q56: V | R56: PTH2-PR-LBA-PID-IKT-50006 | U56: IN
A57: P2LBA28 BR011 | B57: Piping | C57: SAGS | D57: SAGS | E57: LBA | F57: Main Steam SAGS to Demister | G57: 28 | J57: 2 | K57: CS | L57: CS | M57: S160 | N57: 300 | O57: BSA6V | P57: Steam | Q57: V | R57: PTH2-PR-LBA-PID-IKT-50006 | U57: IN
A58: P2LBA28 BR010 | B58: Piping | C58: SAGS | D58: SAGS | E58: LBA | F58: Main Steam SAGS to Demister | G58: 28 | J58: 3 | K58: CS | L58: CS | M58: XXS | N58: 300 | O58: BSA6V | P58: Steam | Q58: V | R58: PTH2-PR-LBA-PID-IKT-50006 | U58: IN
A59: P2LBA28 BR301 | B59: Piping | C59: SAGS | D59: SAGS | E59: LBA | F59: Main Steam SAGS to Demister | G59: 28 | J59: 3 | K59: CS | L59: CS | M59: XXS | N59: 300 | O59: BSA6V | P59: Steam | Q59: V | R59: PTH2-PR-LBA-PID-IKT-50006 | S59: 18.8 | T59: 211.3 | U59: IN
A60: P2LBA29 BR001 | B60: Piping | C60: SAGS | D60: SAGS | E60: LBA | F60: Main Steam SAGS to Demister | G60: 29 | J60: 12 | K60: CS | L60: CS | M60: 14.27 | N60: 300 | O60: BSA6V | P60: Steam | Q60: V | R60: PTH2-PR-LBA-PID-IKT-50006 | U60: IN
A61: P2LBA29 BR501 | B61: Piping | C61: SAGS | D61: SAGS | E61: LBA | F61: Main Steam SAGS to Demister | G61: 29 | J61: 12 | K61: CS | L61: CS | M61: 14.27 | N61: 300 | O61: BSA6V | P61: Steam | Q61: V | R61: PTH2-PR-LBA-PID-IKT-50006 | U61: IN
A62: P2LBA29 BR011 | B62: Piping | C62: SAGS | D62: SAGS | E62: LBA | F62: Main Steam SAGS to Demister | G62: 29 | J62: 2 | K62: CS | L62: CS | M62: S160 | N62: 300 | O62: BSA6V | P62: Steam | Q62: V | R62: PTH2-PR-LBA-PID-IKT-50006 | U62: IN
A63: P2LBA29 BR010 | B63: Piping | C63: SAGS | D63: SAGS | E63: LBA | F63: Main Steam SAGS to Demister | G63: 29 | J63: 3 | K63: CS | L63: CS | M63: XXS | N63: 300 | O63: BSA6V | P63: Steam | Q63: V | R63: PTH2-PR-LBA-PID-IKT-50006 | U63: IN
A64: P2LBA29 BR301 | B64: Piping | C64: SAGS | D64: SAGS | E64: LBA | F64: Main Steam SAGS to Demister | G64: 29 | J64: 3 | K64: CS | L64: CS | M64: XXS | N64: 300 | O64: BSA6V | P64: Steam | Q64: V | R64: PTH2-PR-LBA-PID-IKT-50006 | S64: 13.5 | T64: 196 | U64: IN
A65: P2LBA20 BR007 | B65: Piping | C65: SAGS | D65: SAGS | E65: LBA | F65: Main Steam SAGS to Demister | G65: 20 | J65: 38 | K65: CS | L65: CS | M65: 15.88 | N65: 150 | O65: ASA6V | P65: Steam | Q65: V | R65: PTH2-PR-LBA-PID-IKT-50007 | U65: IN
A66: P2LCM01 BR010 | B66: Piping | C66: SAGS | D66: SAGS | E66: LCM | G66: 01 | J66: 2 | K66: CS | L66: CS | M66: SCH80 | N66: 150 | O66: A1A3 | P66: Condensate | Q66: L | R66: PTH2-PR-LBA-PID-IKT-50007 | U66: OUT
A67: P2LCM01 BR009 | B67: Piping | C67: SAGS | D67: SAGS | E67: LCM | G67: 01 | J67: 2 | K67: CS | L67: CS | M67: SCH80 | N67: 150 | O67: A1A3 | P67: Condensate | Q67: L | R67: PTH2-PR-LBA-PID-IKT-50007 | U67: OUT
A68: P2LBA10 BR591 | B68: Piping | C68: SAGS | D68: SAGS | E68: LBA | F68: Main Steam SAGS to Demister | G68: 10 | J68: 8 | K68: CS | L68: CS | M68: 8.74 | N68: 150 | O68: ASA6V | P68: Steam | Q68: V | R68: PTH2-PR-LBA-PID-IKT-50009 | S68: 0 | T68: 7.5 | U68: IN
A69: P2LBA10 BR592 | B69: Piping | C69: SAGS | D69: SAGS | E69: LBA | F69: Main Steam SAGS to Demister | G69: 10 | J69: 8 | K69: CS | L69: CS | M69: 8.74 | N69: 150 | O69: ASA6V | P69: Steam | Q69: V | R69: PTH2-PR-LBA-PID-IKT-50009 | S69: 0 | T69: 7.5 | U69: IN
A70: P2LBA10 BR593 | B70: Piping | C70: SAGS | D70: SAGS | E70: LBA | F70: Main Steam SAGS to Demister | G70: 10 | J70: 8 | K70: CS | L70: CS | M70: 8.74 | N70: 150 | O70: ASA6V | P70: Steam | Q70: V | R70: PTH2-PR-LBA-PID-IKT-50009 | S70: 0 | T70: 7.5 | U70: IN
A71: P2LBA10 BR594 | B71: Piping | C71: SAGS | D71: SAGS | E71: LBA | F71: Main Steam SAGS to Demister | G71: 10 | J71: 8 | K71: CS | L71: CS | M71: 8.74 | N71: 150 | O71: ASA6V | P71: Steam | Q71: V | R71: PTH2-PR-LBA-PID-IKT-50009 | S71: 0 | T71: 7.5 | U71: IN
A72: P2LBA10 BR595 | B72: Piping | C72: SAGS | D72: SAGS | E72: LBA | F72: Main Steam SAGS to Demister | G72: 10 | J72: 8 | K72: CS | L72: CS | M72: 8.74 | N72: 150 | O72: ASA6V | P72: Steam | Q72: V | R72: PTH2-PR-LBA-PID-IKT-50009 | S72: 0 | T72: 7.5 | U72: IN
A73: P2LBF10 BR009 | B73: Piping | C73: SAGS | D73: SAGS | E73: LBF | G73: 10 | J73: 12 | K73: CS | L73: CS | M73: STD | N73: 150 | O73: ASA6V | P73: Steam | Q73: V | R73: PTH2-PR-LBA-PID-IKT-50009 | S73: 0 | T73: 7.5 | U73: OUT
A74: P2LBF10 BR010 | B74: Piping | C74: SAGS | D74: SAGS | E74: LBF | G74: 10 | J74: 12 | K74: CS | L74: CS | M74: STD | N74: 150 | O74: ASA6V | P74: Steam | Q74: V | R74: PTH2-PR-LBA-PID-IKT-50009 | S74: 0 | T74: 7.5 | U74: OUT
A75: P2LBF10 BR011 | B75: Piping | C75: SAGS | D75: SAGS | E75: LBF | G75: 10 | J75: 12 | K75: CS | L75: CS | M75: STD | N75: 150 | O75: ASA6V | P75: Steam | Q75: V | R75: PTH2-PR-LBA-PID-IKT-50009 | S75: 0 | T75: 7.5 | U75: OUT
A76: P2LBF10 BR012 | B76: Piping | C76: SAGS | D76: SAGS | E76: LBF | G76: 10 | J76: 12 | K76: CS | L76: CS | M76: STD | N76: 150 | O76: ASA6V | P76: Steam | Q76: V | R76: PTH2-PR-LBA-PID-IKT-50009 | S76: 0 | T76: 7.5 | U76: OUT
A77: P2LBF10 BR013 | B77: Piping | C77: SAGS | D77: SAGS | E77: LBF | G77: 10 | J77: 12 | K77: CS | L77: CS | M77: STD | N77: 150 | O77: ASA6V | P77: Steam | Q77: V | R77: PTH2-PR-LBA-PID-IKT-50009 | S77: 0 | T77: 7.5 | U77: OUT
A78: P2LBF10 BR008 | B78: Piping | C78: SAGS | D78: SAGS | E78: LBF | G78: 10 | J78: 32 | K78: CS | L78: CS | M78: 14.27 | N78: 150 | O78: ASA6V | P78: Steam | Q78: V | R78: PTH2-PR-LBA-PID-IKT-50009 | S78: 7.5 | T78: 172 | U78: OUT
A79: P2LBA10 BR503 | B79: Piping | C79: SAGS | D79: SAGS | E79: LBA | F79: Main Steam SAGS to Demister | G79: 10 | J79: 40 | K79: CS | L79: CS | M79: 15.88 | N79: 150 | O79: ASA6V | P79: Steam | Q79: V | R79: PTH2-PR-LBA-PID-IKT-50009 | S79: 8.2 | T79: 172 | U79: IN
A80: P2PAB08 BR005 | B80: Piping | C80: SAGS | D80: BOP/Utility | E80: PAB | F80: Circulating Water / Blowdown | G80: 08 | J80: 2 | K80: SS316/L | L80: SS316L | M80: SCH10S | N80: 150 | O80: A1A3 | P80: Cooling Water | Q80: L | R80: PTH2-PR-LBA-PID-IKT-50010 | U80: IN
A81: P2PAB08 BR006 | B81: Piping | C81: SAGS | D81: BOP/Utility | E81: PAB | F81: Circulating Water / Blowdown | G81: 08 | J81: 2 | K81: SS316/L | L81: SS316L | M81: SCH10S | N81: 150 | O81: A1A3 | P81: Cooling Water | Q81: L | R81: PTH2-PR-LBA-PID-IKT-50010 | U81: IN
A82: P2PAB08 BR007 | B82: Piping | C82: SAGS | D82: BOP/Utility | E82: PAB | F82: Circulating Water / Blowdown | G82: 08 | J82: 2 | K82: SS316/L | L82: SS316L | M82: SCH10S | N82: 150 | O82: A1A3 | P82: Cooling Water | Q82: L | R82: PTH2-PR-LBA-PID-IKT-50010 | U82: IN
A83: P2PAB08 BR008 | B83: Piping | C83: SAGS | D83: BOP/Utility | E83: PAB | F83: Circulating Water / Blowdown | G83: 08 | J83: 2 | K83: SS316/L | L83: SS316L | M83: SCH10S | N83: 150 | O83: A1A3 | P83: Cooling Water | Q83: L | R83: PTH2-PR-LBA-PID-IKT-50010 | U83: IN
A84: P2LCM01 BR016 | B84: Piping | C84: SAGS | D84: SAGS | E84: LCM | G84: 01 | J84: 2 | K84: CS | L84: CS | M84: SCH80 | N84: 150 | O84: A1A3 | P84: Condensate | Q84: L | R84: PTH2-PR-LBA-PID-IKT-50010 | U84: OUT
A85: P2LBF10 BR001 | B85: Piping | C85: SAGS | D85: SAGS | E85: LBF | G85: 10 | J85: 20 | K85: CS | L85: CS | M85: 15.88 | N85: 150 | O85: ASA6V | P85: Steam | Q85: V | R85: PTH2-PR-LBF-PID-IKT-50008 | S85: 8.2 | T85: 172 | U85: OUT
A86: P2LBF10 BR002 | B86: Piping | C86: SAGS | D86: SAGS | E86: LBF | G86: 10 | J86: 2 | K86: CS | L86: CS | M86: S160 | N86: 150 | O86: ASA6V | P86: Steam | Q86: V | R86: PTH2-PR-LBF-PID-IKT-50008 | U86: OUT
A87: P2LBF10 BR014 | B87: Piping | C87: SAGS | D87: SAGS | E87: LBF | G87: 10 | J87: 10 | K87: CS | L87: CS | M87: S40 | N87: 150 | O87: ASA6V | P87: Steam | Q87: V | R87: PTH2-PR-LBF-PID-IKT-50008 | U87: OUT
A88: P2LBF10 BR003 | B88: Piping | C88: SAGS | D88: SAGS | E88: LBF | G88: 10 | J88: 20 | K88: CS | L88: CS | M88: 15.88 | N88: 150 | O88: ASA6V | P88: Steam | Q88: V | R88: PTH2-PR-LBF-PID-IKT-50008 | S88: 8.2 | T88: 172 | U88: OUT
A89: P2LBF10 BR004 | B89: Piping | C89: SAGS | D89: SAGS | E89: LBF | G89: 10 | J89: 2 | K89: CS | L89: CS | M89: S160 | N89: 150 | O89: ASA6V | P89: Steam | Q89: V | R89: PTH2-PR-LBF-PID-IKT-50008 | U89: OUT
A90: P2LBF10 BR015 | B90: Piping | C90: SAGS | D90: SAGS | E90: LBF | G90: 10 | J90: 10 | K90: CS | L90: CS | M90: S40 | N90: 150 | O90: ASA6V | P90: Steam | Q90: V | R90: PTH2-PR-LBF-PID-IKT-50008 | U90: OUT
A91: P2LBF10 BR005 | B91: Piping | C91: SAGS | D91: SAGS | E91: LBF | G91: 10 | J91: 20 | K91: CS | L91: CS | M91: 15.88 | N91: 150 | O91: ASA6V | P91: Steam | Q91: V | R91: PTH2-PR-LBF-PID-IKT-50008 | S91: 8.2 | T91: 172 | U91: OUT
A92: P2LBF10 BR006 | B92: Piping | C92: SAGS | D92: SAGS | E92: LBF | G92: 10 | J92: 2 | K92: CS | L92: CS | M92: S160 | N92: 150 | O92: ASA6V | P92: Steam | Q92: V | R92: PTH2-PR-LBF-PID-IKT-50008 | U92: OUT
A93: P2LBF10 BR016 | B93: Piping | C93: SAGS | D93: SAGS | E93: LBF | G93: 10 | J93: 10 | K93: CS | L93: CS | M93: S40 | N93: 150 | O93: ASA6V | P93: Steam | Q93: V | R93: PTH2-PR-LBF-PID-IKT-50008 | U93: OUT
A94: P2LBF10 BR401 | B94: Piping | C94: SAGS | D94: SAGS | E94: LBF | G94: 10 | J94: 2 | K94: CS | L94: CS | M94: S160 | N94: 150 | O94: ASA6V | P94: Condensate | Q94: L | R94: PTH2-PR-LBF-PID-IKT-50008 | U94: OUT
A95: P2LBF10 BR402 | B95: Piping | C95: SAGS | D95: SAGS | E95: LBF | G95: 10 | J95: 2 | K95: CS | L95: CS | M95: S160 | N95: 150 | O95: ASA6V | P95: Condensate | Q95: L | R95: PTH2-PR-LBF-PID-IKT-50008 | U95: OUT
A96: P2LBF10 BR403 | B96: Piping | C96: SAGS | D96: SAGS | E96: LBF | G96: 10 | J96: 2 | K96: CS | L96: CS | M96: S160 | N96: 150 | O96: ASA6V | P96: Condensate | Q96: L | R96: PTH2-PR-LBF-PID-IKT-50008 | U96: OUT
A97: P2LBF10 BR405 | B97: Piping | C97: SAGS | D97: SAGS | E97: LBF | G97: 10 | J97: 4 | K97: CS | L97: CS | M97: XS | N97: 150 | O97: ASA6V | P97: Condensate | Q97: L | R97: PTH2-PR-LBF-PID-IKT-50008 | U97: OUT
A98: P2LBA10 BR009 | B98: Piping | C98: SAGS | D98: SAGS | E98: LBA | F98: Main Steam SAGS to Demister | G98: 10 | J98: 40 | K98: CS | L98: CS | M98: 15.88 | N98: 150 | O98: ASA6V | P98: Steam | Q98: V | R98: PTH2-PR-LBA-PID-IKT-50011 | S98: 7.2 | T98: 170 | U98: IN
A99: P2LCA10 BR017 | B99: Piping | C99: SAGS | D99: BOP/Utility | E99: LCA | F99: Main Condensate Piping System | G99: 10 | J99: 4 | K99: CS | L99: CS | M99: SCH40 | N99: 150 | O99: A1A3 | P99: Condensate | Q99: L | R99: PTH2-PR-LBJ-PID-IKT-50011 | U99: OUT
A100: P2LCA10 BR018 | B100: Piping | C100: SAGS | D100: BOP/Utility | E100: LCA | F100: Main Condensate Piping System | G100: 10 | J100: 4 | K100: CS | L100: CS | M100: SCH40 | N100: 150 | O100: A1A3 | P100: Condensate | Q100: L | R100: PTH2-PR-LBJ-PID-IKT-50011 | U100: OUT
A101: P2LCA10 BR019 | B101: Piping | C101: SAGS | D101: BOP/Utility | E101: LCA | F101: Main Condensate Piping System | G101: 10 | J101: 2 | K101: CS | L101: CS | M101: SCH80 | N101: 150 | O101: A1A3 | P101: Condensate | Q101: L | R101: PTH2-PR-LBJ-PID-IKT-50011 | U101: OUT
...

Sheet 02_ASSET_HIERARCHY_FULL
A1: 02 Asset Hierarchy Full
A3: Plant | B3: Area | C3: System | D3: Process Code | E3: Corrosion Loop / Equipment Model | F3: Asset Tag | G3: Asset Type | H3: ECA Category | I3: RBI Scope
A4: Patuha Unit-2 | B4: SAGS | C4: SAGS | D4: LBA | E4: CL-SAGS-LBA-STEAM-CS-LG-T3_150C_PLUS | F4: P2LBA11 BR001 | G4: Piping | H4: C1 | I4: IN
A5: Patuha Unit-2 | B5: SAGS | C5: SAGS | D5: LBA | E5: CL-SAGS-LBA-STEAM-CS-LG-T3_150C_PLUS | F5: P2LBA11 BR501 | G5: Piping | H5: C1 | I5: IN
A6: Patuha Unit-2 | B6: SAGS | C6: SAGS | D6: LBA | E6: CL-SAGS-LBA-STEAM-CS-LG-T3_150C_PLUS | F6: P2LBA11 BR011 | G6: Piping | H6: C1 | I6: IN
A7: Patuha Unit-2 | B7: SAGS | C7: SAGS | D7: LBA | E7: CL-SAGS-LBA-STEAM-CS-LG-T3_150C_PLUS | F7: P2LBA11 BR003 | G7: Piping | H7: C1 | I7: IN
A8: Patuha Unit-2 | B8: SAGS | C8: SAGS | D8: LBA | E8: CL-SAGS-LBA-STEAM-CS-LG-T3_150C_PLUS | F8: P2LBA11 BR010 | G8: Piping | H8: C1 | I8: IN
A9: Patuha Unit-2 | B9: SAGS | C9: SAGS | D9: LBA | E9: CL-SAGS-LBA-STEAM-CS-LG-T3_150C_PLUS | F9: P2LBA11 BR301 | G9: Piping | H9: C1 | I9: IN
A10: Patuha Unit-2 | B10: SAGS | C10: SAGS | D10: LBA | E10: CL-SAGS-LBA-STEAM-CS-V-T3_150C_PLUS | F10: P2LBA12 BR001 | G10: Piping | H10: C1 | I10: IN
A11: Patuha Unit-2 | B11: SAGS | C11: SAGS | D11: LBA | E11: CL-SAGS-LBA-STEAM-CS-V-T3_150C_PLUS | F11: P2LBA12 BR501 | G11: Piping | H11: C1 | I11: IN
A12: Patuha Unit-2 | B12: SAGS | C12: SAGS | D12: LBA | E12: CL-SAGS-LBA-STEAM-CS-V-T3_150C_PLUS | F12: P2LBA12 BR011 | G12: Piping | H12: C1 | I12: IN
A13: Patuha Unit-2 | B13: SAGS | C13: SAGS | D13: LBA | E13: CL-SAGS-LBA-STEAM-CS-V-T3_150C_PLUS | F13: P2LBA12 BR003 | G13: Piping | H13: C1 | I13: IN
A14: Patuha Unit-2 | B14: SAGS | C14: SAGS | D14: LBA | E14: CL-SAGS-LBA-STEAM-CS-V-T3_150C_PLUS | F14: P2LBA12 BR010 | G14: Piping | H14: C1 | I14: IN
... A416: Patuha Unit-2 | B416: Equipment List | C416: Equipment | D416: SGA | E416: EQ-EQUIP-SGA-STATICEQUIPMENT | F416: PTH2SGA15 BB001 | G416: Equipment | H416: C3 | I416: LIMITED

Sheet 03_ECA_FULL
A1: 03 ECA Full - Scope Gate
A3: Asset Tag | B3: Asset Type | C3: System | D3: Process Code | E3: Production Impact Score | F3: Safety/Environment Score | G3: Maintainability Score | H3: Final ECA Score | I3: ECA Category | J3: RBI Scope | K3: ECA Basis
A4: P2LBA11 BR001 | B4: Piping | C4: SAGS | D4: LBA | E4: 5 | F4: 3 | G4: 2 | H4: 9 | I4: C1 | J4: IN | K4: C1/C2 included in RBI; C3 routine/non-assessed. Non-metallic piping set to LIMITED RBI.
A5: P2LBA11 BR501 | B5: Piping | C5: SAGS | D5: LBA | E5: 5 | F5: 3 | G5: 2 | H5: 9 | I5: C1 | J5: IN | K5: C1/C2 included in RBI; C3 routine/non-assessed. Non-metallic piping set to LIMITED RBI.
A6: P2LBA11 BR011 | B6: Piping | C6: SAGS | D6: LBA | E6: 5 | F6: 3 | G6: 2 | H6: 9 | I6: C1 | J6: IN | K6: C1/C2 included in RBI; C3 routine/non-assessed. Non-metallic piping set to LIMITED RBI.
A7: P2LBA11 BR003 | B7: Piping | C7: SAGS | D7: LBA | E7: 5 | F7: 3 | G7: 2 | H7: 9 | I7: C1 | J7: IN | K7: C1/C2 included in RBI; C3 routine/non-assessed. Non-metallic piping set to LIMITED RBI.
A8: P2LBA11 BR010 | B8: Piping | C8: SAGS | D8: LBA | E8: 5 | F8: 3 | G8: 2 | H8: 9 | I8: C1 | J8: IN | K8: C1/C2 included in RBI; C3 routine/non-assessed. Non-metallic piping set to LIMITED RBI.
A9: P2LBA11 BR301 | B9: Piping | C9: SAGS | D9: LBA | E9: 5 | F9: 3 | G9: 2 | H9: 9 | I9: C1 | J9: IN | K9: C1/C2 included in RBI; C3 routine/non-assessed. Non-metallic piping set to LIMITED RBI.
A10: P2LBA12 BR001 | B10: Piping | C10: SAGS | D10: LBA | E10: 5 | F10: 3 | G10: 2 | H10: 9 | I10: C1 | J10: IN | K10: C1/C2 included in RBI; C3 routine/non-assessed. Non-metallic piping set to LIMITED RBI.
A11: P2LBA12 BR501 | B11: Piping | C11: SAGS | D11: LBA | E11: 5 | F11: 3 | G11: 2 | H11: 9 | I11: C1 | J11: IN | K11: C1/C2 included in RBI; C3 routine/non-assessed. Non-metallic piping set to LIMITED RBI.
A12: P2LBA12 BR011 | B12: Piping | C12: SAGS | D12: LBA | E12: 5 | F12: 3 | G12: 2 | H12: 9 | I12: C1 | J12: IN | K12: C1/C2 included in RBI; C3 routine/non-assessed. Non-metallic piping set to LIMITED RBI.
A13: P2LBA12 BR003 | B13: Piping | C13: SAGS | D13: LBA | E13: 5 | F13: 3 | G13: 2 | H13: 9 | I13: C1 | J13: IN | K13: C1/C2 included in RBI; C3 routine/non-assessed. Non-metallic piping set to LIMITED RBI.
A14: P2LBA12 BR010 | B14: Piping | C14: SAGS | D14: LBA | E14: 5 | F14: 3 | G14: 2 | H14: 9 | I14: C1 | J14: IN | K14: C1/C2 included in RBI; C3 routine/non-assessed. Non-metallic piping set to LIMITED RBI.
A15: P2LBA12 BR301 | B15: Piping | C15: SAGS | D15: LBA | E15: 5 | F15: 3 | G15: 2 | H15: 9 | I15: C1 | J15: IN | K15: C1/C2 included in RBI; C3 routine/non-assessed. Non-metallic piping set to LIMITED RBI.
... A416: PTH2SGA15 BB001 | B416: Equipment | C416: Equipment | D416: SGA | E416: 1 | F416: 2 | G416: 3 | H416: 7 | I416: C3 | J416: LIMITED | K416: C1/C2 included in RBI; C3 routine/non-assessed. Non-metallic piping set to LIMITED RBI.

Sheet 04_CORROSION_LOOP_MODEL
A1: 04 Corrosion Loop / Equipment Model
A3: Corrosion Loop ID | B3: Asset Count | C3: Asset Type Mix | D3: System | E3: Process Code | F3: Fluid | G3: Fluid State | H3: Material Family | I3: Dominant Damage Mechanisms | J3: Avg PoF | K3: Max CoF | L3: Max Risk Level | M3: Recommended Inspection Method | N3: Recommended Interval (yr)
A4: CL-SAGS-LBA-STEAM-CS-LG-T3_150C_PLUS | B4: 17 | C4: Piping | D4: SAGS | E4: LBA | F4: Steam | G4: LG | H4: CS | I4: CO2 corrosion; Erosion-corrosion / FAC; CUI | J4: 4 | K4: 5 | L4: Extreme High | M4: UT Scan + VT | N4: 0.5
A5: EQ-POWER-MAJ-STATICEQUIPMENT | B5: 3 | C5: Equipment | D5: Power Block | E5: MAJ | H5: SS316L | I5: General external corrosion; CUI if insulated | J5: 3 | K5: 5 | L5: Extreme High | M5: VT + UT thickness / component inspection | N5: 0.5
A6: CL-SAGS-LBA-CONDENSATE-CS-L-T1_BELOW_80C | B6: 2 | C6: Piping | D6: SAGS | E6: LBA | F6: Condensate | G6: L | H6: CS | I6: CO2 condensate corrosion; Oxygen corrosion; MIC / under-deposit | J6: 4 | K6: 4 | L6: Extreme High | M6: UT Scan + VT | N6: 0.5
A7: CL-POWER-MAW-CONDENSATESTEAM-CS-L-T1_BELOW_80C | B7: 1 | C7: Piping | D7: Power Block | E7: MAW | F7: Condensate Steam | G7: L | H7: CS | I7: CO2 condensate corrosion; Oxygen corrosion; MIC / under-deposit | J7: 4 | K7: 4 | L7: Extreme High | M7: UT Scan + VT | N7: 0.5
A8: EQ-SAGS-LBJ-STATICEQUIPMENT | B8: 1 | C8: Equipment | D8: SAGS | E8: LBJ | H8: SS316L | I8: General external corrosion; CUI if insulated | J8: 3 | K8: 5 | L8: Extreme High | M8: VT + UT thickness / component inspection | N8: 0.5
A9: CL-SAGS-LBA-STEAM-CS-V-T3_150C_PLUS | B9: 48 | C9: Piping | D9: SAGS | E9: LBA | F9: Steam | G9: V | H9: CS | I9: CUI; Atmospheric corrosion; Erosion (localized) | J9: 2 | K9: 5 | L9: High | M9: VT + CUI screening | N9: 0.5
A10: CL-BOPUT-PCB-COOLINGWATER--L-T1_BELOW_80C | B10: 29 | C10: Piping | D10: BOP/Utility | E10: PCB | F10: Cooling Water | G10: L | I10: Cooling water corrosion; MIC; Oxygen corrosion | J10: 2 | K10: 3 | L10: High | M10: VT / Sampling | N10: 0.5
A11: CL-POWER-MAJ-NCG-SS316L-V-T0_UNKNOWN | B11: 22 | C11: Piping | D11: Power Block | E11: MAJ | F11: NCG | G11: V | H11: SS316L | I11: H2S / sour corrosion; CLSCC (if chloride + SS); Atmospheric/CUI | J11: 2 | K11: 4 | L11: High | M11: VT + CUI screening | N11: 0.5
A12: CL-BOPUT-PAB-COOLINGWATER-SS316L-L-T1_BELOW_80C | B12: 21 | C12: Piping | D12: BOP/Utility | E12: PAB | F12: Cooling Water | G12: L | H12: SS316L | I12: Cooling water corrosion; MIC; Oxygen corrosion | J12: 2 | K12: 3 | L12: High | M12: VT / Sampling | N12: 0.5
A13: CL-BOPUT-LCA-CONDENSATE-CS-L-T1_BELOW_80C | B13: 20 | C13: Piping | D13: BOP/Utility | E13: LCA | F13: Condensate | G13: L | H13: CS | I13: CO2 condensate corrosion; Oxygen corrosion; MIC / under-deposit | J13: 4 | K13: 2 | L13: High | M13: UT Scan + VT | N13: 0.5
A14: CL-POWER-MAJ-COOLINGWATER-SS316L-L-T1_BELOW_80C | B14: 8 | C14: Piping | D14: Power Block | E14: MAJ | F14: Cooling Water | G14: L | H14: SS316L | I14: Cooling water corrosion; MIC; Oxygen corrosion | J14: 2 | K14: 4 | L14: High | M14: VT / Sampling | N14: 0.5
A15: CL-BOPUT-PCB-COOLINGWATER-FRP-L-T1_BELOW_80C | B15: 8 | C15: Piping | D15: BOP/Utility | E15: PCB | F15: Cooling Water | G15: L | H15: FRP | I15: Non-metallic degradation / erosion; Joint/leakage; Fouling | J15: 2 | K15: 3 | L15: High | M15: VT / Sampling | N15: 0.5
A16: CL-BOPUT-QCH--CS--T0_UNKNOWN | B16: 8 | C16: Piping | D16: BOP/Utility | E16: QCH | H16: CS | I16: General external corrosion; CUI if insulated | J16: 3 | K16: 2 | L16: High | M16: VT + CUI screening | N16: 0.5
A17: CL-BOPUT-PAB-CONDENSATE--L-T1_BELOW_80C | B17: 7 | C17: Piping | D17: BOP/Utility | E17: PAB | F17: Condensate | G17: L | I17: CO2 condensate corrosion; Oxygen corrosion; MIC / under-deposit | J17: 2 | K17: 3 | L17: High | M17: VT / Sampling | N17: 0.5
A18: CL-SAGS-LBA-STEAM-CS-V-T1_BELOW_80C | B18: 6 | C18: Piping | D18: SAGS | E18: LBA | F18: Steam | G18: V | H18: CS | I18: CUI; Atmospheric corrosion; Erosion (localized) | J18: 2 | K18: 5 | L18: High | M18: VT + CUI screening | N18: 0.5
A19: CL-BOPUT-PAD-COOLINGWATER--L-T1_BELOW_80C | B19: 6 | C19: Piping | D19: BOP/Utility | E19: PAD | F19: Cooling Water | G19: L | I19: Cooling water corrosion; MIC; Oxygen corrosion | J19: 2 | K19: 3 | L19: High | M19: VT / Sampling | N19: 0.5
A20: EQ-POWER-MAJ-EQUIPMENT | B20: 6 | C20: Equipment | D20: Power Block | E20: MAJ | I20: General external corrosion; CUI if insulated | J20: 2 | K20: 4 | L20: High | M20: Package inspection / function test / VT | N20: 0.5
A21: CL-SAGS-LBF-CONDENSATE-CS-L-T1_BELOW_80C | B21: 4 | C21: Piping | D21: SAGS | E21: LBF | F21: Condensate | G21: L | H21: CS | I21: CO2 condensate corrosion; Oxygen corrosion; MIC / under-deposit | J21: 4 | K21: 2 | L21: High | M21: UT Scan + VT | N21: 0.5
A22: CL-BOPUT-PAD-COOLINGWATER-SS316L-L-T1_BELOW_80C | B22: 4 | C22: Piping | D22: BOP/Utility | E22: PAD | F22: Cooling Water | G22: L | H22: SS316L | I22: Cooling water corrosion; MIC; Oxygen corrosion | J22: 2 | K22: 3 | L22: High | M22: VT / Sampling | N22: 0.5
A23: EQ-POWER-MAV-EQUIPMENT | B23: 4 | C23: Equipment | D23: Power Block | E23: MAV | I23: General external corrosion; CUI if insulated | J23: 2 | K23: 4 | L23: High | M23: Package inspection / function test / VT | N23: 0.5
A24: CL-SAGS-LCM-CONDENSATE-CS-L-T1_BELOW_80C | B24: 3 | C24: Piping | D24: SAGS | E24: LCM | F24: Condensate | G24: L | H24: CS | I24: CO2 condensate corrosion; Oxygen corrosion; MIC / under-deposit | J24: 4 | K24: 2 | L24: High | M24: UT Scan + VT | N24: 0.5
A25: CL-POWER-LBG-STEAM-CS-V-T3_150C_PLUS | B25: 3 | C25: Piping | D25: Power Block | E25: LBG | F25: Steam | G25: V | H25: CS | I25: CUI; Atmospheric corrosion; Erosion (localized) | J25: 2 | K25: 4 | L25: High | M25: VT + CUI screening | N25: 0.5
A26: CL-BOPUT-PAE-COOLINGWATER-SS316L-L-T1_BELOW_80C | B26: 3 | C26: Piping | D26: BOP/Utility | E26: PAE | F26: Cooling Water | G26: L | H26: SS316L | I26: Cooling water corrosion; MIC; Oxygen corrosion | J26: 2 | K26: 3 | L26: High | M26: VT / Sampling | N26: 0.5
A27: CL-BOPUT-PCB-SEALWATER-SS316L-L-T1_BELOW_80C | B27: 3 | C27: Piping | D27: BOP/Utility | E27: PCB | F27: Seal Water | G27: L | H27: SS316L | I27: Oxygen corrosion; MIC | J27: 2 | K27: 3 | L27: High | M27: VT / Sampling | N27: 0.5
A28: EQ-POWER-MAV-STATICEQUIPMENT | B28: 3 | C28: Equipment | D28: Power Block | E28: MAV | H28: SS316L | I28: General external corrosion; CUI if insulated | J28: 3 | K28: 4 | L28: High | M28: VT + UT thickness / component inspection | N28: 0.5
A29: CL-BOPUT-PAB-STEAMWASH-SS316L-L-T0_UNKNOWN | B29: 2 | C29: Piping | D29: BOP/Utility | E29: PAB | F29: Steam Wash | G29: L | H29: SS316L | I29: CO2 condensate corrosion; Oxygen corrosion; MIC / under-deposit | J29: 2 | K29: 3 | L29: High | M29: VT / Sampling | N29: 0.5
A30: CL-BOPUT-PAB-CONDENSATE-SS316L-L-T1_BELOW_80C | B30: 2 | C30: Piping | D30: BOP/Utility | E30: PAB | F30: Condensate | G30: L | H30: SS316L | I30: CO2 condensate corrosion; Oxygen corrosion; MIC / under-deposit | J30: 2 | K30: 3 | L30: High | M30: VT / Sampling | N30: 0.5
A31: CL-BOPUT-PCB-COOLINGWATER-SS316L-L-T1_BELOW_80C | B31: 2 | C31: Piping | D31: BOP/Utility | E31: PCB | F31: Cooling Water | G31: L | H31: SS316L | I31: Cooling water corrosion; MIC; Oxygen corrosion | J31: 2 | K31: 3 | L31: High | M31: VT / Sampling | N31: 0.5
A32: CL-BOPUT-QCH--CS--T1_BELOW_80C | B32: 2 | C32: Piping | D32: BOP/Utility | E32: QCH | H32: CS | I32: General external corrosion; CUI if insulated | J32: 3 | K32: 2 | L32: High | M32: VT + CUI screening | N32: 0.5
A33: EQ-SAGS-LBF-CIVILSTATIC | B33: 2 | C33: Equipment | D33: SAGS | E33: LBF | H33: CARBON STEEL | I33: General external corrosion; CUI if insulated | J33: 3 | K33: 4 | L33: High | M33: VT + UT thickness / component inspection | N33: 0.5
A34: EQ-BOPUT-QEA-STATICEQUIPMENT | B34: 2 | C34: Equipment | D34: BOP/Utility | E34: QEA | H34: SS304L | I34: General external corrosion; CUI if insulated | J34: 3 | K34: 4 | L34: High | M34: VT + UT thickness / component inspection | N34: 0.5
A35: CL-POWER-LBG-STEAM-CS-V-T1_BELOW_80C | B35: 1 | C35: Piping | D35: Power Block | E35: LBG | F35: Steam | G35: V | H35: CS | I35: CUI; Atmospheric corrosion; Erosion (localized) | J35: 2 | K35: 4 | L35: High | M35: VT + CUI screening | N35: 0.5
A36: CL-SAGS-LBA-STEAM--V-T3_150C_PLUS | B36: 1 | C36: Piping | D36: SAGS | E36: LBA | F36: Steam | G36: V | I36: CUI; Atmospheric corrosion; Erosion (localized) | J36: 2 | K36: 5 | L36: High | M36: VT + CUI screening | N36: 0.5
A37: CL-POWER-MAW-GLANDSTEAM-SS316L-V-T2_80_150C | B37: 1 | C37: Piping | D37: Power Block | E37: MAW | F37: Gland Steam | G37: V | H37: SS316L | I37: CUI; Atmospheric corrosion; Erosion (localized) | J37: 2 | K37: 4 | L37: High | M37: VT + CUI screening | N37: 0.5
A38: CL-BOPUT-PAB-SPRAYWATER-SS316L-L-T0_UNKNOWN | B38: 1 | C38: Piping | D38: BOP/Utility | E38: PAB | F38: Spray Water | G38: L | H38: SS316L | I38: Oxygen corrosion; MIC | J38: 2 | K38: 3 | L38: High | M38: VT / Sampling | N38: 0.5
A39: CL-POWER-MAW-GLANDSTEAM-SS316L-L-T1_BELOW_80C | B39: 1 | C39: Piping | D39: Power Block | E39: MAW | F39: Gland Steam | G39: L | H39: SS316L | I39: General external corrosion; CUI if insulated | J39: 2 | K39: 4 | L39: High | M39: VT + CUI screening | N39: 0.5
A40: CL-POWER-MAJ-NCG-SS316L-V-T1_BELOW_80C | B40: 1 | C40: Piping | D40: Power Block | E40: MAJ | F40: NCG | G40: V | H40: SS316L | I40: H2S / sour corrosion; CLSCC (if chloride + SS); Atmospheric/CUI | J40: 2 | K40: 4 | L40: High | M40: VT + CUI screening | N40: 0.5
A41: CL-POWER-MAJ-COOLINGWATER--L-T1_BELOW_80C | B41: 1 | C41: Piping | D41: Power Block | E41: MAJ | F41: Cooling Water | G41: L | I41: Cooling water corrosion; MIC; Oxygen corrosion | J41: 2 | K41: 4 | L41: High | M41: VT / Sampling | N41: 0.5
A42: CL-POWER-MAJ-STEAM-SS316L-V-T3_150C_PLUS | B42: 1 | C42: Piping | D42: Power Block | E42: MAJ | F42: Steam | G42: V | H42: SS316L | I42: CUI; Atmospheric corrosion; Erosion (localized) | J42: 2 | K42: 4 | L42: High | M42: VT + CUI screening | N42: 0.5
A43: CL-POWER-MAG-COOLINGWATER-SS316L-L-T1_BELOW_80C | B43: 1 | C43: Piping | D43: Power Block | E43: MAG | F43: Cooling Water | G43: L | H43: SS316L | I43: Cooling water corrosion; MIC; Oxygen corrosion | J43: 2 | K43: 4 | L43: High | M43: VT / Sampling | N43: 0.5
A44: CL-BOPUT-PAD-CONDENSATE-FRP-L-T1_BELOW_80C | B44: 1 | C44: Piping | D44: BOP/Utility | E44: PAD | F44: Condensate | G44: L | H44: FRP | I44: CO2 condensate corrosion; Oxygen corrosion; MIC / under-deposit | J44: 2 | K44: 3 | L44: High | M44: VT / Sampling | N44: 0.5
A45: CL-BOPUT-PAD-COOLINGWATER-FRP-L-T1_BELOW_80C | B45: 1 | C45: Piping | D45: BOP/Utility | E45: PAD | F45: Cooling Water | G45: L | H45: FRP | I45: Non-metallic degradation / erosion; Joint/leakage; Fouling | J45: 2 | K45: 3 | L45: High | M45: VT / Sampling | N45: 0.5
A46: CL-BOPUT-SGA-COOLINGWATER-CS-L-T1_BELOW_80C | B46: 1 | C46: Piping | D46: BOP/Utility | E46: SGA | F46: Cooling Water | G46: L | H46: CS | I46: Cooling water corrosion; MIC; Oxygen corrosion | J46: 3 | K46: 2 | L46: High | M46: VT / Sampling | N46: 0.5
A47: CL-BOPUT-QCB--SS304L--T0_UNKNOWN | B47: 1 | C47: Piping | D47: BOP/Utility | E47: QCB | H47: SS304L | I47: General external corrosion; CUI if insulated | J47: 3 | K47: 2 | L47: High | M47: VT + CUI screening | N47: 0.5
A48: EQ-POWER-MKA-EQUIPMENT | B48: 1 | C48: Equipment | D48: Power Block | E48: MKA | I48: General external corrosion; CUI if insulated | J48: 2 | K48: 4 | L48: High | M48: Package inspection / function test / VT | N48: 0.5
A49: EQ-POWER-MKA-STATICEQUIPMENT | B49: 1 | C49: Equipment | D49: Power Block | E49: MKA | H49: SS316L | I49: General external corrosion; CUI if insulated | J49: 3 | K49: 4 | L49: High | M49: VT + UT thickness / component inspection | N49: 0.5
A50: EQ-POWER-MAV-ROTATINGPACKAGE | B50: 1 | C50: Equipment | D50: Power Block | E50: MAV | I50: Mechanical integrity / support systems; External corrosion; Package-specific degradation | J50: 2 | K50: 4 | L50: High | M50: Package inspection / function test / VT | N50: 0.5
A51: EQ-EQUIP-GCB-STATICEQUIPMENT | B51: 1 | C51: Equipment | D51: Equipment | E51: GCB | I51: General external corrosion; CUI if insulated | J51: 3 | K51: 2 | L51: High | M51: VT + UT thickness / component inspection | N51: 0.5
A52: EQ-POWER-MAJ-ROTATINGPACKAGE | B52: 1 | C52: Equipment | D52: Power Block | E52: MAJ | H52: SS316L | I52: Mechanical integrity / support systems; External corrosion; Package-specific degradation | J52: 2 | K52: 4 | L52: High | M52: Package inspection / function test / VT | N52: 0.5
A53: EQ-BOPUT-LCB-ROTATINGPACKAGE | B53: 1 | C53: Equipment | D53: BOP/Utility | E53: LCB | H53: A-8 | I53: Mechanical integrity / support systems; External corrosion; Package-specific degradation | J53: 2 | K53: 4 | L53: High | M53: Package inspection / function test / VT | N53: 0.5
A54: EQ-BOPUT-PAE-EQUIPMENT | B54: 1 | C54: Equipment | D54: BOP/Utility | E54: PAE | I54: General external corrosion; CUI if insulated | J54: 2 | K54: 3 | L54: High | M54: Package inspection / function test / VT | N54: 0.5
A55: EQ-BOPUT-PAE-ROTATINGPACKAGE | B55: 1 | C55: Equipment | D55: BOP/Utility | E55: PAE | H55: A-8 | I55: Mechanical integrity / support systems; External corrosion; Package-specific degradation | J55: 2 | K55: 3 | L55: High | M55: Package inspection / function test / VT | N55: 0.5
A56: EQ-BOPUT-PAD-EQUIPMENT | B56: 1 | C56: Equipment | D56: BOP/Utility | E56: PAD | I56: General external corrosion; CUI if insulated | J56: 2 | K56: 4 | L56: High | M56: Package inspection / function test / VT | N56: 0.5
A57: EQ-BOPUT-PAD-CIVILSTATIC | B57: 1 | C57: Equipment | D57: BOP/Utility | E57: PAD | H57: CONCRETE | I57: General external corrosion; CUI if insulated | J57: 3 | K57: 4 | L57: High | M57: VT + UT thickness / component inspection | N57: 0.5
A58: EQ-POWER-LCB-ROTATINGPACKAGE | B58: 1 | C58: Equipment | D58: Power Block | E58: LCB | H58: A-8 | I58: Mechanical integrity / support systems; External corrosion; Package-specific degradation | J58: 2 | K58: 4 | L58: High | M58: Package inspection / function test / VT | N58: 0.5
A59: EQ-BOPUT-PAD-ROTATINGPACKAGE | B59: 1 | C59: Equipment | D59: BOP/Utility | E59: PAD | I59: Mechanical integrity / support systems; External corrosion; Package-specific degradation | J59: 2 | K59: 4 | L59: High | M59: Package inspection / function test / VT | N59: 0.5
A60: EQ-BOPUT-QEB-STATICEQUIPMENT | B60: 1 | C60: Equipment | D60: BOP/Utility | E60: QEB | I60: General external corrosion; CUI if insulated | J60: 3 | K60: 4 | L60: High | M60: VT + UT thickness / component inspection | N60: 0.5
A61: EQ-BOPUT-BRV-STATICEQUIPMENT | B61: 1 | C61: Equipment | D61: BOP/Utility | E61: BRV | I61: General external corrosion; CUI if insulated | J61: 3 | K61: 2 | L61: High | M61: VT + UT thickness / component inspection | N61: 0.5
A62: EQ-BOPUT-QCH-STATICEQUIPMENT | B62: 1 | C62: Equipment | D62: BOP/Utility | E62: QCH | I62: General external corrosion; CUI if insulated | J62: 3 | K62: 2 | L62: High | M62: VT + UT thickness / component inspection | N62: 0.5
A63: EQ-BOPUT-LCA-STATICEQUIPMENT | B63: 1 | C63: Equipment | D63: BOP/Utility | E63: LCA | I63: General external corrosion; CUI if insulated | J63: 3 | K63: 2 | L63: High | M63: VT + UT thickness / component inspection | N63: 0.5
A64: EQ-BOPUT-GRK-CIVILSTATIC | B64: 1 | C64: Equipment | D64: BOP/Utility | E64: GRK | I64: General external corrosion; CUI if insulated | J64: 3 | K64: 2 | L64: High | M64: VT + UT thickness / component inspection | N64: 0.5
A65: EQ-BOPUT-GRK-STATICEQUIPMENT | B65: 1 | C65: Equipment | D65: BOP/Utility | E65: GRK | I65: General external corrosion; CUI if insulated | J65: 3 | K65: 2 | L65: High | M65: VT + UT thickness / component inspection | N65: 0.5
A66: EQ-EQUIP-SGA-STATICEQUIPMENT | B66: 1 | C66: Equipment | D66: Equipment | E66: SGA | I66: General external corrosion; CUI if insulated | J66: 3 | K66: 2 | L66: High | M66: VT + UT thickness / component inspection | N66: 0.5
A67: CL-SAGS-LBF-STEAM-CS-V-T3_150C_PLUS | B67: 10 | C67: Piping | D67: SAGS | E67: LBF | F67: Steam | G67: V | H67: CS | I67: CUI; Atmospheric corrosion; Erosion (localized) | J67: 2 | K67: 2 | L67: Medium | M67: VT + CUI screening | N67: 1
A68: CL-BOPUT-PCC--SS316L--T0_UNKNOWN | B68: 9 | C68: Piping | D68: BOP/Utility | E68: PCC | H68: SS316L | I68: General external corrosion; CUI if insulated | J68: 2 | K68: 2 | L68: Medium | M68: VT + CUI screening | N68: 1
A69: CL-SAGS-LBF-STEAM-CS-V-T1_BELOW_80C | B69: 5 | C69: Piping | D69: SAGS | E69: LBF | F69: Steam | G69: V | H69: CS | I69: CUI; Atmospheric corrosion; Erosion (localized) | J69: 2 | K69: 2 | L69: Medium | M69: VT + CUI screening | N69: 1
A70: CL-SAGS-LBB-CONDENSATESTEAM-SS316L-L-T0_UNKNOWN | B70: 3 | C70: Piping | D70: SAGS | E70: LBB | F70: Condensate Steam | G70: L | H70: SS316L | I70: CO2 condensate corrosion; Oxygen corrosion; MIC / under-deposit | J70: 2 | K70: 2 | L70: Medium | M70: VT / Sampling | N70: 1
A71: CL-POWER-BRV--CS--T1_BELOW_80C | B71: 3 | C71: Piping | D71: Power Plant | E71: BRV | H71: CS | I71: General external corrosion; CUI if insulated | J71: 2 | K71: 2 | L71: Medium | M71: VT + CUI screening | N71: 1
A72: CL-POWER-GCB--CS--T1_BELOW_80C | B72: 3 | C72: Piping | D72: Power Plant | E72: GCB | H72: CS | I72: General external corrosion; CUI if insulated | J72: 2 | K72: 2 | L72: Medium | M72: VT + CUI screening | N72: 1
A73: EQ-SAGS-LBF-EQUIPMENT | B73: 3 | C73: Equipment | D73: SAGS | E73: LBF | I73: General external corrosion; CUI if insulated | J73: 2 | K73: 2 | L73: Medium | M73: Package inspection / function test / VT | N73: 1
A74: EQ-BOPUT-QEA-ROTATINGPACKAGE | B74: 3 | C74: Equipment | D74: BOP/Utility | E74: QEA | I74: Mechanical integrity / support systems; External corrosion; Package-specific degradation | J74: 2 | K74: 2 | L74: Medium | M74: Package inspection / function test / VT | N74: 1
A75: EQ-EQUIP-SGA-ROTATINGPACKAGE | B75: 3 | C75: Equipment | D75: Equipment | E75: SGA | I75: Mechanical integrity / support systems; External corrosion; Package-specific degradation | J75: 2 | K75: 2 | L75: Medium | M75: Package inspection / function test / VT | N75: 1
A76: CL-POWER-MAJ-AIR-SS316L-V-T1_BELOW_80C | B76: 2 | C76: Piping | D76: Power Block | E76: MAJ | F76: Air | G76: V | H76: SS316L | I76: Atmospheric corrosion; CUI if insulated | J76: 1 | K76: 4 | L76: Medium | M76: VT + CUI screening | N76: 1
A77: CL-BOPUT-LCA-CONDENSATE--L-T1_BELOW_80C | B77: 2 | C77: Piping | D77: BOP/Utility | E77: LCA | F77: Condensate | G77: L | I77: CO2 condensate corrosion; Oxygen corrosion; MIC / under-deposit | J77: 2 | K77: 2 | L77: Medium | M77: VT / Sampling | N77: 1
A78: EQ-BOPUT-LCB-EQUIPMENT | B78: 2 | C78: Equipment | D78: BOP/Utility | E78: LCB | I78: General external corrosion; CUI if insulated | J78: 2 | K78: 2 | L78: Medium | M78: Package inspection / function test / VT | N78: 1
A79: EQ-BOPUT-QEA-EQUIPMENT | B79: 2 | C79: Equipment | D79: BOP/Utility | E79: QEA | I79: General external corrosion; CUI if insulated | J79: 2 | K79: 2 | L79: Medium | M79: Package inspection / function test / VT | N79: 1
A80: EQ-BOPUT-QCB-ROTATINGPACKAGE | B80: 2 | C80: Equipment | D80: BOP/Utility | E80: QCB | I80: Mechanical integrity / support systems; External corrosion; Package-specific degradation | J80: 2 | K80: 2 | L80: Medium | M80: Package inspection / function test / VT | N80: 1
A81: EQ-BOPUT-QCH-ROTATINGPACKAGE | B81: 2 | C81: Equipment | D81: BOP/Utility | E81: QCH | I81: Mechanical integrity / support systems; External corrosion; Package-specific degradation | J81: 2 | K81: 2 | L81: Medium | M81: Package inspection / function test / VT | N81: 1
A82: EQ-BOPUT-GRK-ROTATINGPACKAGE | B82: 2 | C82: Equipment | D82: BOP/Utility | E82: GRK | I82: Mechanical integrity / support systems; External corrosion; Package-specific degradation | J82: 2 | K82: 2 | L82: Medium | M82: Package inspection / function test / VT | N82: 1
A83: EQ-BOPUT-GRK-EQUIPMENT | B83: 2 | C83: Equipment | D83: BOP/Utility | E83: GRK | I83: General external corrosion; CUI if insulated | J83: 2 | K83: 2 | L83: Medium | M83: Package inspection / function test / VT | N83: 1
A84: CL-POWER-MAG-AIR-SS316L-V-T1_BELOW_80C | B84: 1 | C84: Piping | D84: Power Block | E84: MAG | F84: Air | G84: V | H84: SS316L | I84: Atmospheric corrosion; CUI if insulated | J84: 1 | K84: 4 | L84: Medium | M84: VT + CUI screening | N84: 1
A85: CL-BOPUT-LCA-CONDENSATE-SS316L-L-T1_BELOW_80C | B85: 1 | C85: Piping | D85: BOP/Utility | E85: LCA | F85: Condensate | G85: L | H85: SS316L | I85: CO2 condensate corrosion; Oxygen corrosion; MIC / under-deposit | J85: 2 | K85: 2 | L85: Medium | M85: VT / Sampling | N85: 1
A86: CL-BOPUT-PCC--SS316L--T1_BELOW_80C | B86: 1 | C86: Piping | D86: BOP/Utility | E86: PCC | H86: SS316L | I86: General external corrosion; CUI if insulated | J86: 2 | K86: 2 | L86: Medium | M86: VT + CUI screening | N86: 1
A87: CL-BOPUT-LCA--SS304L--T1_BELOW_80C | B87: 1 | C87: Piping | D87: BOP/Utility | E87: LCA | H87: SS304L | I87: General external corrosion; CUI if insulated | J87: 2 | K87: 2 | L87: Medium | M87: VT + CUI screening | N87: 1
A88: CL-BOPUT-QEA--SS304L--T1_BELOW_80C | B88: 1 | C88: Piping | D88: BOP/Utility | E88: QEA | H88: SS304L | I88: General external corrosion; CUI if insulated | J88: 2 | K88: 2 | L88: Medium | M88: VT + CUI screening | N88: 1
A89: EQ-EQUIP-GCB-ROTATINGPACKAGE | B89: 1 | C89: Equipment | D89: Equipment | E89: GCB | H89: CS | I89: Mechanical integrity / support systems; External corrosion; Package-specific degradation | J89: 2 | K89: 2 | L89: Medium | M89: Package inspection / function test / VT | N89: 1
A90: EQ-BOPUT-BRV-ROTATINGPACKAGE | B90: 1 | C90: Equipment | D90: BOP/Utility | E90: BRV | I90: Mechanical integrity / support systems; External corrosion; Package-specific degradation | J90: 2 | K90: 2 | L90: Medium | M90: Package inspection / function test / VT | N90: 1
A91: EQ-BOPUT-QCH-EQUIPMENT | B91: 1 | C91: Equipment | D91: BOP/Utility | E91: QCH | I91: General external corrosion; CUI if insulated | J91: 2 | K91: 2 | L91: Medium | M91: Package inspection / function test / VT | N91: 1
A92: EQ-BOPUT-LCA-EQUIPMENT | B92: 1 | C92: Equipment | D92: BOP/Utility | E92: LCA | I92: General external corrosion; CUI if insulated | J92: 2 | K92: 2 | L92: Medium | M92: Package inspection / function test / VT | N92: 1
A93: EQ-BOPUT-LCA-ROTATINGPACKAGE | B93: 1 | C93: Equipment | D93: BOP/Utility | E93: LCA | H93: CONCRETE | I93: Mechanical integrity / support systems; External corrosion; Package-specific degradation | J93: 2 | K93: 2 | L93: Medium | M93: Package inspection / function test / VT | N93: 1
A94: EQ-BOPUT-PCC-EQUIPMENT | B94: 1 | C94: Equipment | D94: BOP/Utility | E94: PCC | I94: General external corrosion; CUI if insulated | J94: 2 | K94: 2 | L94: Medium | M94: Package inspection / function test / VT | N94: 1
A95: EQ-BOPUT-PCC-ROTATINGPACKAGE | B95: 1 | C95: Equipment | D95: BOP/Utility | E95: PCC | H95: SS316L | I95: Mechanical integrity / support systems; External corrosion; Package-specific degradation | J95: 2 | K95: 2 | L95: Medium | M95: Package inspection / function test / VT | N95: 1
A96: CL-BOPUT-QEB-AIR-SS304L-V-T1_BELOW_80C | B96: 46 | C96: Piping | D96: BOP/Utility | E96: QEB | F96: Air | G96: V | H96: SS304L | I96: Atmospheric corrosion; CUI if insulated | J96: 1 | K96: 2 | L96: Low | M96: VT + CUI screening | N96: 3
A97: CL-BOPUT-QEA-AIR-SS304L-V-T1_BELOW_80C | B97: 9 | C97: Piping | D97: BOP/Utility | E97: QEA | F97: Air | G97: V | H97: SS304L | I97: Atmospheric corrosion; CUI if insulated | J97: 1 | K97: 2 | L97: Low | M97: VT + CUI screening | N97: 3
A98: CL-BOPUT-PAB-VENT-SS316L-V-T1_BELOW_80C | B98: 1 | C98: Piping | D98: BOP/Utility | E98: PAB | F98: Vent | G98: V | H98: SS316L | I98: Atmospheric corrosion; CUI if insulated | J98: 1 | K98: 3 | L98: Low | M98: VT + CUI screening | N98: 3
A99: CL-BOPUT-PAB-VENT-SS316L-V-T0_UNKNOWN | B99: 1 | C99: Piping | D99: BOP/Utility | E99: PAB | F99: Vent | G99: V | H99: SS316L | I99: Atmospheric corrosion; CUI if insulated | J99: 1 | K99: 3 | L99: Low | M99: VT + CUI screening | N99: 3
A100: CL-BOPUT-LCA-AIR-SS304L-V-T1_BELOW_80C | B100: 1 | C100: Piping | D100: BOP/Utility | E100: LCA | F100: Air | G100: V | H100: SS304L | I100: Atmospheric corrosion; CUI if insulated | J100: 1 | K100: 2 | L100: Low | M100: VT + CUI screening | N100: 3
A101: CL-POWER-GCB-VENT-CS-V-T1_BELOW_80C | B101: 1 | C101: Piping | D101: Power Plant | E101: GCB | F101: Vent | G101: V | H101: CS | I101: Atmospheric corrosion; CUI if insulated | J101: 1 | K101: 2 | L101: Low | M101: VT + CUI screening | N101: 3

Sheet 05_DAMAGE_MECHANISM_MODEL
A1: 05 Damage Mechanism Model
A3: Corrosion Loop ID | B3: System | C3: Fluid | D3: Phase | E3: Material | F3: Dominant DM | G3: PoF Driver | H3: Inspection Effectiveness Need | I3: Comment
A4: CL-SAGS-LBA-STEAM-CS-LG-T3_150C_PLUS | B4: SAGS | C4: Steam | D4: LG | E4: CS | F4: CO2 corrosion; Erosion-corrosion / FAC; CUI | G4: phase + material + fluid service + temperature band | H4: method must detect listed DM | I4: Preliminary DM; validate against P&ID, chemistry and baseline inspection.
A5: EQ-POWER-MAJ-STATICEQUIPMENT | B5: Power Block | E5: SS316L | F5: General external corrosion; CUI if insulated | G5: phase + material + fluid service + temperature band | H5: method must detect listed DM | I5: Preliminary DM; validate against P&ID, chemistry and baseline inspection.
A6: CL-SAGS-LBA-CONDENSATE-CS-L-T1_BELOW_80C | B6: SAGS | C6: Condensate | D6: L | E6: CS | F6: CO2 condensate corrosion; Oxygen corrosion; MIC / under-deposit | G6: phase + material + fluid service + temperature band | H6: method must detect listed DM | I6: Preliminary DM; validate against P&ID, chemistry and baseline inspection.
A7: CL-POWER-MAW-CONDENSATESTEAM-CS-L-T1_BELOW_80C | B7: Power Block | C7: Condensate Steam | D7: L | E7: CS | F7: CO2 condensate corrosion; Oxygen corrosion; MIC / under-deposit | G7: phase + material + fluid service + temperature band | H7: method must detect listed DM | I7: Preliminary DM; validate against P&ID, chemistry and baseline inspection.
A8: EQ-SAGS-LBJ-STATICEQUIPMENT | B8: SAGS | E8: SS316L | F8: General external corrosion; CUI if insulated | G8: phase + material + fluid service + temperature band | H8: method must detect listed DM | I8: Preliminary DM; validate against P&ID, chemistry and baseline inspection.
A9: CL-SAGS-LBA-STEAM-CS-V-T3_150C_PLUS | B9: SAGS | C9: Steam | D9: V | E9: CS | F9: CUI; Atmospheric corrosion; Erosion (localized) | G9: phase + material + fluid service + temperature band | H9: method must detect listed DM | I9: Preliminary DM; validate against P&ID, chemistry and baseline inspection.
A10: CL-BOPUT-PCB-COOLINGWATER--L-T1_BELOW_80C | B10: BOP/Utility | C10: Cooling Water | D10: L | F10: Cooling water corrosion; MIC; Oxygen corrosion | G10: phase + material + fluid service + temperature band | H10: method must detect listed DM | I10: Preliminary DM; validate against P&ID, chemistry and baseline inspection.
A11: CL-POWER-MAJ-NCG-SS316L-V-T0_UNKNOWN | B11: Power Block | C11: NCG | D11: V | E11: SS316L | F11: H2S / sour corrosion; CLSCC (if chloride + SS); Atmospheric/CUI | G11: phase + material + fluid service + temperature band | H11: method must detect listed DM | I11: Preliminary DM; validate against P&ID, chemistry and baseline inspection.
A12: CL-BOPUT-PAB-COOLINGWATER-SS316L-L-T1_BELOW_80C | B12: BOP/Utility | C12: Cooling Water | D12: L | E12: SS316L | F12: Cooling water corrosion; MIC; Oxygen corrosion | G12: phase + material + fluid service + temperature band | H12: method must detect listed DM | I12: Preliminary DM; validate against P&ID, chemistry and baseline inspection.
A13: CL-BOPUT-LCA-CONDENSATE-CS-L-T1_BELOW_80C | B13: BOP/Utility | C13: Condensate | D13: L | E13: CS | F13: CO2 condensate corrosion; Oxygen corrosion; MIC / under-deposit | G13: phase + material + fluid service + temperature band | H13: method must detect listed DM | I13: Preliminary DM; validate against P&ID, chemistry and baseline inspection.
A14: CL-POWER-MAJ-COOLINGWATER-SS316L-L-T1_BELOW_80C | B14: Power Block | C14: Cooling Water | D14: L | E14: SS316L | F14: Cooling water corrosion; MIC; Oxygen corrosion | G14: phase + material + fluid service + temperature band | H14: method must detect listed DM | I14: Preliminary DM; validate against P&ID, chemistry and baseline inspection.
A15: CL-BOPUT-PCB-COOLINGWATER-FRP-L-T1_BELOW_80C | B15: BOP/Utility | C15: Cooling Water | D15: L | E15: FRP | F15: Non-metallic degradation / erosion; Joint/leakage; Fouling | G15: phase + material + fluid service + temperature band | H15: method must detect listed DM | I15: Preliminary DM; validate against P&ID, chemistry and baseline inspection.
A16: CL-BOPUT-QCH--CS--T0_UNKNOWN | B16: BOP/Utility | E16: CS | F16: General external corrosion; CUI if insulated | G16: phase + material + fluid service + temperature band | H16: method must detect listed DM | I16: Preliminary DM; validate against P&ID, chemistry and baseline inspection.
A17: CL-BOPUT-PAB-CONDENSATE--L-T1_BELOW_80C | B17: BOP/Utility | C17: Condensate | D17: L | F17: CO2 condensate corrosion; Oxygen corrosion; MIC / under-deposit | G17: phase + material + fluid service + temperature band | H17: method must detect listed DM | I17: Preliminary DM; validate against P&ID, chemistry and baseline inspection.
A18: CL-SAGS-LBA-STEAM-CS-V-T1_BELOW_80C | B18: SAGS | C18: Steam | D18: V | E18: CS | F18: CUI; Atmospheric corrosion; Erosion (localized) | G18: phase + material + fluid service + temperature band | H18: method must detect listed DM | I18: Preliminary DM; validate against P&ID, chemistry and baseline inspection.
A19: CL-BOPUT-PAD-COOLINGWATER--L-T1_BELOW_80C | B19: BOP/Utility | C19: Cooling Water | D19: L | F19: Cooling water corrosion; MIC; Oxygen corrosion | G19: phase + material + fluid service + temperature band | H19: method must detect listed DM | I19: Preliminary DM; validate against P&ID, chemistry and baseline inspection.
A20: EQ-POWER-MAJ-EQUIPMENT | B20: Power Block | F20: General external corrosion; CUI if insulated | G20: phase + material + fluid service + temperature band | H20: method must detect listed DM | I20: Preliminary DM; validate against P&ID, chemistry and baseline inspection.
A21: CL-SAGS-LBF-CONDENSATE-CS-L-T1_BELOW_80C | B21: SAGS | C21: Condensate | D21: L | E21: CS | F21: CO2 condensate corrosion; Oxygen corrosion; MIC / under-deposit | G21: phase + material + fluid service + temperature band | H21: method must detect listed DM | I21: Preliminary DM; validate against P&ID, chemistry and baseline inspection.
A22: CL-BOPUT-PAD-COOLINGWATER-SS316L-L-T1_BELOW_80C | B22: BOP/Utility | C22: Cooling Water | D22: L | E22: SS316L | F22: Cooling water corrosion; MIC; Oxygen corrosion | G22: phase + material + fluid service + temperature band | H22: method must detect listed DM | I22: Preliminary DM; validate against P&ID, chemistry and baseline inspection.
A23: EQ-POWER-MAV-EQUIPMENT | B23: Power Block | F23: General external corrosion; CUI if insulated | G23: phase + material + fluid service + temperature band | H23: method must detect listed DM | I23: Preliminary DM; validate against P&ID, chemistry and baseline inspection.
A24: CL-SAGS-LCM-CONDENSATE-CS-L-T1_BELOW_80C | B24: SAGS | C24: Condensate | D24: L | E24: CS | F24: CO2 condensate corrosion; Oxygen corrosion; MIC / under-deposit | G24: phase + material + fluid service + temperature band | H24: method must detect listed DM | I24: Preliminary DM; validate against P&ID, chemistry and baseline inspection.
A25: CL-POWER-LBG-STEAM-CS-V-T3_150C_PLUS | B25: Power Block | C25: Steam | D25: V | E25: CS | F25: CUI; Atmospheric corrosion; Erosion (localized) | G25: phase + material + fluid service + temperature band | H25: method must detect listed DM | I25: Preliminary DM; validate against P&ID, chemistry and baseline inspection.
A26: CL-BOPUT-PAE-COOLINGWATER-SS316L-L-T1_BELOW_80C | B26: BOP/Utility | C26: Cooling Water | D26: L | E26: SS316L | F26: Cooling water corrosion; MIC; Oxygen corrosion | G26: phase + material + fluid service + temperature band | H26: method must detect listed DM | I26: Preliminary DM; validate against P&ID, chemistry and baseline inspection.
A27: CL-BOPUT-PCB-SEALWATER-SS316L-L-T1_BELOW_80C | B27: BOP/Utility | C27: Seal Water | D27: L | E27: SS316L | F27: Oxygen corrosion; MIC | G27: phase + material + fluid service + temperature band | H27: method must detect listed DM | I27: Preliminary DM; validate against P&ID, chemistry and baseline inspection.
A28: EQ-POWER-MAV-STATICEQUIPMENT | B28: Power Block | E28: SS316L | F28: General external corrosion; CUI if insulated | G28: phase + material + fluid service + temperature band | H28: method must detect listed DM | I28: Preliminary DM; validate against P&ID, chemistry and baseline inspection.
A29: CL-BOPUT-PAB-STEAMWASH-SS316L-L-T0_UNKNOWN | B29: BOP/Utility | C29: Steam Wash | D29: L | E29: SS316L | F29: CO2 condensate corrosion; Oxygen corrosion; MIC / under-deposit | G29: phase + material + fluid service + temperature band | H29: method must detect listed DM | I29: Preliminary DM; validate against P&ID, chemistry and baseline inspection.
A30: CL-BOPUT-PAB-CONDENSATE-SS316L-L-T1_BELOW_80C | B30: BOP/Utility | C30: Condensate | D30: L | E30: SS316L | F30: CO2 condensate corrosion; Oxygen corrosion; MIC / under-deposit | G30: phase + material + fluid service + temperature band | H30: method must detect listed DM | I30: Preliminary DM; validate against P&ID, chemistry and baseline inspection.
A31: CL-BOPUT-PCB-COOLINGWATER-SS316L-L-T1_BELOW_80C | B31: BOP/Utility | C31: Cooling Water | D31: L | E31: SS316L | F31: Cooling water corrosion; MIC; Oxygen corrosion | G31: phase + material + fluid service + temperature band | H31: method must detect listed DM | I31: Preliminary DM; validate against P&ID, chemistry and baseline inspection.
A32: CL-BOPUT-QCH--CS--T1_BELOW_80C | B32: BOP/Utility | E32: CS | F32: General external corrosion; CUI if insulated | G32: phase + material + fluid service + temperature band | H32: method must detect listed DM | I32: Preliminary DM; validate against P&ID, chemistry and baseline inspection.
A33: EQ-SAGS-LBF-CIVILSTATIC | B33: SAGS | E33: CARBON STEEL | F33: General external corrosion; CUI if insulated | G33: phase + material + fluid service + temperature band | H33: method must detect listed DM | I33: Preliminary DM; validate against P&ID, chemistry and baseline inspection.
A34: EQ-BOPUT-QEA-STATICEQUIPMENT | B34: BOP/Utility | E34: SS304L | F34: General external corrosion; CUI if insulated | G34: phase + material + fluid service + temperature band | H34: method must detect listed DM | I34: Preliminary DM; validate against P&ID, chemistry and baseline inspection.
A35: CL-POWER-LBG-STEAM-CS-V-T1_BELOW_80C | B35: Power Block | C35: Steam | D35: V | E35: CS | F35: CUI; Atmospheric corrosion; Erosion (localized) | G35: phase + material + fluid service + temperature band | H35: method must detect listed DM | I35: Preliminary DM; validate against P&ID, chemistry and baseline inspection.
A36: CL-SAGS-LBA-STEAM--V-T3_150C_PLUS | B36: SAGS | C36: Steam | D36: V | F36: CUI; Atmospheric corrosion; Erosion (localized) | G36: phase + material + fluid service + temperature band | H36: method must detect listed DM | I36: Preliminary DM; validate against P&ID, chemistry and baseline inspection.
A37: CL-POWER-MAW-GLANDSTEAM-SS316L-V-T2_80_150C | B37: Power Block | C37: Gland Steam | D37: V | E37: SS316L | F37: CUI; Atmospheric corrosion; Erosion (localized) | G37: phase + material + fluid service + temperature band | H37: method must detect listed DM | I37: Preliminary DM; validate against P&ID, chemistry and baseline inspection.
A38: CL-BOPUT-PAB-SPRAYWATER-SS316L-L-T0_UNKNOWN | B38: BOP/Utility | C38: Spray Water | D38: L | E38: SS316L | F38: Oxygen corrosion; MIC | G38: phase + material + fluid service + temperature band | H38: method must detect listed DM | I38: Preliminary DM; validate against P&ID, chemistry and baseline inspection.
A39: CL-POWER-MAW-GLANDSTEAM-SS316L-L-T1_BELOW_80C | B39: Power Block | C39: Gland Steam | D39: L | E39: SS316L | F39: General external corrosion; CUI if insulated | G39: phase + material + fluid service + temperature band | H39: method must detect listed DM | I39: Preliminary DM; validate against P&ID, chemistry and baseline inspection.
A40: CL-POWER-MAJ-NCG-SS316L-V-T1_BELOW_80C | B40: Power Block | C40: NCG | D40: V | E40: SS316L | F40: H2S / sour corrosion; CLSCC (if chloride + SS); Atmospheric/CUI | G40: phase + material + fluid service + temperature band | H40: method must detect listed DM | I40: Preliminary DM; validate against P&ID, chemistry and baseline inspection.
A41: CL-POWER-MAJ-COOLINGWATER--L-T1_BELOW_80C | B41: Power Block | C41: Cooling Water | D41: L | F41: Cooling water corrosion; MIC; Oxygen corrosion | G41: phase + material + fluid service + temperature band | H41: method must detect listed DM | I41: Preliminary DM; validate against P&ID, chemistry and baseline inspection.
A42: CL-POWER-MAJ-STEAM-SS316L-V-T3_150C_PLUS | B42: Power Block | C42: Steam | D42: V | E42: SS316L | F42: CUI; Atmospheric corrosion; Erosion (localized) | G42: phase + material + fluid service + temperature band | H42: method must detect listed DM | I42: Preliminary DM; validate against P&ID, chemistry and baseline inspection.
A43: CL-POWER-MAG-COOLINGWATER-SS316L-L-T1_BELOW_80C | B43: Power Block | C43: Cooling Water | D43: L | E43: SS316L | F43: Cooling water corrosion; MIC; Oxygen corrosion | G43: phase + material + fluid service + temperature band | H43: method must detect listed DM | I43: Preliminary DM; validate against P&ID, chemistry and baseline inspection.
A44: CL-BOPUT-PAD-CONDENSATE-FRP-L-T1_BELOW_80C | B44: BOP/Utility | C44: Condensate | D44: L | E44: FRP | F44: CO2 condensate corrosion; Oxygen corrosion; MIC / under-deposit | G44: phase + material + fluid service + temperature band | H44: method must detect listed DM | I44: Preliminary DM; validate against P&ID, chemistry and baseline inspection.
A45: CL-BOPUT-PAD-COOLINGWATER-FRP-L-T1_BELOW_80C | B45: BOP/Utility | C45: Cooling Water | D45: L | E45: FRP | F45: Non-metallic degradation / erosion; Joint/leakage; Fouling | G45: phase + material + fluid service + temperature band | H45: method must detect listed DM | I45: Preliminary DM; validate against P&ID, chemistry and baseline inspection.
A46: CL-BOPUT-SGA-COOLINGWATER-CS-L-T1_BELOW_80C | B46: BOP/Utility | C46: Cooling Water | D46: L | E46: CS | F46: Cooling water corrosion; MIC; Oxygen corrosion | G46: phase + material + fluid service + temperature band | H46: method must detect listed DM | I46: Preliminary DM; validate against P&ID, chemistry and baseline inspection.
A47: CL-BOPUT-QCB--SS304L--T0_UNKNOWN | B47: BOP/Utility | E47: SS304L | F47: General external corrosion; CUI if insulated | G47: phase + material + fluid service + temperature band | H47: method must detect listed DM | I47: Preliminary DM; validate against P&ID, chemistry and baseline inspection.
A48: EQ-POWER-MKA-EQUIPMENT | B48: Power Block | F48: General external corrosion; CUI if insulated | G48: phase + material + fluid service + temperature band | H48: method must detect listed DM | I48: Preliminary DM; validate against P&ID, chemistry and baseline inspection.
A49: EQ-POWER-MKA-STATICEQUIPMENT | B49: Power Block | E49: SS316L | F49: General external corrosion; CUI if insulated | G49: phase + material + fluid service + temperature band | H49: method must detect listed DM | I49: Preliminary DM; validate against P&ID, chemistry and baseline inspection.
A50: EQ-POWER-MAV-ROTATINGPACKAGE | B50: Power Block | F50: Mechanical integrity / support systems; External corrosion; Package-specific degradation | G50: phase + material + fluid service + temperature band | H50: method must detect listed DM | I50: Preliminary DM; validate against P&ID, chemistry and baseline inspection.
A51: EQ-EQUIP-GCB-STATICEQUIPMENT | B51: Equipment | F51: General external corrosion; CUI if insulated | G51: phase + material + fluid service + temperature band | H51: method must detect listed DM | I51: Preliminary DM; validate against P&ID, chemistry and baseline inspection.
A52: EQ-POWER-MAJ-ROTATINGPACKAGE | B52: Power Block | E52: SS316L | F52: Mechanical integrity / support systems; External corrosion; Package-specific degradation | G52: phase + material + fluid service + temperature band | H52: method must detect listed DM | I52: Preliminary DM; validate against P&ID, chemistry and baseline inspection.
A53: EQ-BOPUT-LCB-ROTATINGPACKAGE | B53: BOP/Utility | E53: A-8 | F53: Mechanical integrity / support systems; External corrosion; Package-specific degradation | G53: phase + material + fluid service + temperature band | H53: method must detect listed DM | I53: Preliminary DM; validate against P&ID, chemistry and baseline inspection.
A54: EQ-BOPUT-PAE-EQUIPMENT | B54: BOP/Utility | F54: General external corrosion; CUI if insulated | G54: phase + material + fluid service + temperature band | H54: method must detect listed DM | I54: Preliminary DM; validate against P&ID, chemistry and baseline inspection.
A55: EQ-BOPUT-PAE-ROTATINGPACKAGE | B55: BOP/Utility | E55: A-8 | F55: Mechanical integrity / support systems; External corrosion; Package-specific degradation | G55: phase + material + fluid service + temperature band | H55: method must detect listed DM | I55: Preliminary DM; validate against P&ID, chemistry and baseline inspection.
A56: EQ-BOPUT-PAD-EQUIPMENT | B56: BOP/Utility | F56: General external corrosion; CUI if insulated | G56: phase + material + fluid service + temperature band | H56: method must detect listed DM | I56: Preliminary DM; validate against P&ID, chemistry and baseline inspection.
A57: EQ-BOPUT-PAD-CIVILSTATIC | B57: BOP/Utility | E57: CONCRETE | F57: General external corrosion; CUI if insulated | G57: phase + material + fluid service + temperature band | H57: method must detect listed DM | I57: Preliminary DM; validate against P&ID, chemistry and baseline inspection.
A58: EQ-POWER-LCB-ROTATINGPACKAGE | B58: Power Block | E58: A-8 | F58: Mechanical integrity / support systems; External corrosion; Package-specific degradation | G58: phase + material + fluid service + temperature band | H58: method must detect listed DM | I58: Preliminary DM; validate against P&ID, chemistry and baseline inspection.
A59: EQ-BOPUT-PAD-ROTATINGPACKAGE | B59: BOP/Utility | F59: Mechanical integrity / support systems; External corrosion; Package-specific degradation | G59: phase + material + fluid service + temperature band | H59: method must detect listed DM | I59: Preliminary DM; validate against P&ID, chemistry and baseline inspection.
A60: EQ-BOPUT-QEB-STATICEQUIPMENT | B60: BOP/Utility | F60: General external corrosion; CUI if insulated | G60: phase + material + fluid service + temperature band | H60: method must detect listed DM | I60: Preliminary DM; validate against P&ID, chemistry and baseline inspection.
A61: EQ-BOPUT-BRV-STATICEQUIPMENT | B61: BOP/Utility | F61: General external corrosion; CUI if insulated | G61: phase + material + fluid service + temperature band | H61: method must detect listed DM | I61: Preliminary DM; validate against P&ID, chemistry and baseline inspection.
A62: EQ-BOPUT-QCH-STATICEQUIPMENT | B62: BOP/Utility | F62: General external corrosion; CUI if insulated | G62: phase + material + fluid service + temperature band | H62: method must detect listed DM | I62: Preliminary DM; validate against P&ID, chemistry and baseline inspection.
A63: EQ-BOPUT-LCA-STATICEQUIPMENT | B63: BOP/Utility | F63: General external corrosion; CUI if insulated | G63: phase + material + fluid service + temperature band | H63: method must detect listed DM | I63: Preliminary DM; validate against P&ID, chemistry and baseline inspection.
A64: EQ-BOPUT-GRK-CIVILSTATIC | B64: BOP/Utility | F64: General external corrosion; CUI if insulated | G64: phase + material + fluid service + temperature band | H64: method must detect listed DM | I64: Preliminary DM; validate against P&ID, chemistry and baseline inspection.
A65: EQ-BOPUT-GRK-STATICEQUIPMENT | B65: BOP/Utility | F65: General external corrosion; CUI if insulated | G65: phase + material + fluid service + temperature band | H65: method must detect listed DM | I65: Preliminary DM; validate against P&ID, chemistry and baseline inspection.
A66: EQ-EQUIP-SGA-STATICEQUIPMENT | B66: Equipment | F66: General external corrosion; CUI if insulated | G66: phase + material + fluid service + temperature band | H66: method must detect listed DM | I66: Preliminary DM; validate against P&ID, chemistry and baseline inspection.
A67: CL-SAGS-LBF-STEAM-CS-V-T3_150C_PLUS | B67: SAGS | C67: Steam | D67: V | E67: CS | F67: CUI; Atmospheric corrosion; Erosion (localized) | G67: phase + material + fluid service + temperature band | H67: method must detect listed DM | I67: Preliminary DM; validate against P&ID, chemistry and baseline inspection.
A68: CL-BOPUT-PCC--SS316L--T0_UNKNOWN | B68: BOP/Utility | E68: SS316L | F68: General external corrosion; CUI if insulated | G68: phase + material + fluid service + temperature band | H68: method must detect listed DM | I68: Preliminary DM; validate against P&ID, chemistry and baseline inspection.
A69: CL-SAGS-LBF-STEAM-CS-V-T1_BELOW_80C | B69: SAGS | C69: Steam | D69: V | E69: CS | F69: CUI; Atmospheric corrosion; Erosion (localized) | G69: phase + material + fluid service + temperature band | H69: method must detect listed DM | I69: Preliminary DM; validate against P&ID, chemistry and baseline inspection.
A70: CL-SAGS-LBB-CONDENSATESTEAM-SS316L-L-T0_UNKNOWN | B70: SAGS | C70: Condensate Steam | D70: L | E70: SS316L | F70: CO2 condensate corrosion; Oxygen corrosion; MIC / under-deposit | G70: phase + material + fluid service + temperature band | H70: method must detect listed DM | I70: Preliminary DM; validate against P&ID, chemistry and baseline inspection.
A71: CL-POWER-BRV--CS--T1_BELOW_80C | B71: Power Plant | E71: CS | F71: General external corrosion; CUI if insulated | G71: phase + material + fluid service + temperature band | H71: method must detect listed DM | I71: Preliminary DM; validate against P&ID, chemistry and baseline inspection.
A72: CL-POWER-GCB--CS--T1_BELOW_80C | B72: Power Plant | E72: CS | F72: General external corrosion; CUI if insulated | G72: phase + material + fluid service + temperature band | H72: method must detect listed DM | I72: Preliminary DM; validate against P&ID, chemistry and baseline inspection.
A73: EQ-SAGS-LBF-EQUIPMENT | B73: SAGS | F73: General external corrosion; CUI if insulated | G73: phase + material + fluid service + temperature band | H73: method must detect listed DM | I73: Preliminary DM; validate against P&ID, chemistry and baseline inspection.
A74: EQ-BOPUT-QEA-ROTATINGPACKAGE | B74: BOP/Utility | F74: Mechanical integrity / support systems; External corrosion; Package-specific degradation | G74: phase + material + fluid service + temperature band | H74: method must detect listed DM | I74: Preliminary DM; validate against P&ID, chemistry and baseline inspection.
A75: EQ-EQUIP-SGA-ROTATINGPACKAGE | B75: Equipment | F75: Mechanical integrity / support systems; External corrosion; Package-specific degradation | G75: phase + material + fluid service + temperature band | H75: method must detect listed DM | I75: Preliminary DM; validate against P&ID, chemistry and baseline inspection.
A76: CL-POWER-MAJ-AIR-SS316L-V-T1_BELOW_80C | B76: Power Block | C76: Air | D76: V | E76: SS316L | F76: Atmospheric corrosion; CUI if insulated | G76: phase + material + fluid service + temperature band | H76: method must detect listed DM | I76: Preliminary DM; validate against P&ID, chemistry and baseline inspection.
A77: CL-BOPUT-LCA-CONDENSATE--L-T1_BELOW_80C | B77: BOP/Utility | C77: Condensate | D77: L | F77: CO2 condensate corrosion; Oxygen corrosion; MIC / under-deposit | G77: phase + material + fluid service + temperature band | H77: method must detect listed DM | I77: Preliminary DM; validate against P&ID, chemistry and baseline inspection.
A78: EQ-BOPUT-LCB-EQUIPMENT | B78: BOP/Utility | F78: General external corrosion; CUI if insulated | G78: phase + material + fluid service + temperature band | H78: method must detect listed DM | I78: Preliminary DM; validate against P&ID, chemistry and baseline inspection.
A79: EQ-BOPUT-QEA-EQUIPMENT | B79: BOP/Utility | F79: General external corrosion; CUI if insulated | G79: phase + material + fluid service + temperature band | H79: method must detect listed DM | I79: Preliminary DM; validate against P&ID, chemistry and baseline inspection.
A80: EQ-BOPUT-QCB-ROTATINGPACKAGE | B80: BOP/Utility | F80: Mechanical integrity / support systems; External corrosion; Package-specific degradation | G80: phase + material + fluid service + temperature band | H80: method must detect listed DM | I80: Preliminary DM; validate against P&ID, chemistry and baseline inspection.
A81: EQ-BOPUT-QCH-ROTATINGPACKAGE | B81: BOP/Utility | F81: Mechanical integrity / support systems; External corrosion; Package-specific degradation | G81: phase + material + fluid service + temperature band | H81: method must detect listed DM | I81: Preliminary DM; validate against P&ID, chemistry and baseline inspection.
A82: EQ-BOPUT-GRK-ROTATINGPACKAGE | B82: BOP/Utility | F82: Mechanical integrity / support systems; External corrosion; Package-specific degradation | G82: phase + material + fluid service + temperature band | H82: method must detect listed DM | I82: Preliminary DM; validate against P&ID, chemistry and baseline inspection.
A83: EQ-BOPUT-GRK-EQUIPMENT | B83: BOP/Utility | F83: General external corrosion; CUI if insulated | G83: phase + material + fluid service + temperature band | H83: method must detect listed DM | I83: Preliminary DM; validate against P&ID, chemistry and baseline inspection.
A84: CL-POWER-MAG-AIR-SS316L-V-T1_BELOW_80C | B84: Power Block | C84: Air | D84: V | E84: SS316L | F84: Atmospheric corrosion; CUI if insulated | G84: phase + material + fluid service + temperature band | H84: method must detect listed DM | I84: Preliminary DM; validate against P&ID, chemistry and baseline inspection.
A85: CL-BOPUT-LCA-CONDENSATE-SS316L-L-T1_BELOW_80C | B85: BOP/Utility | C85: Condensate | D85: L | E85: SS316L | F85: CO2 condensate corrosion; Oxygen corrosion; MIC / under-deposit | G85: phase + material + fluid service + temperature band | H85: method must detect listed DM | I85: Preliminary DM; validate against P&ID, chemistry and baseline inspection.
A86: CL-BOPUT-PCC--SS316L--T1_BELOW_80C | B86: BOP/Utility | E86: SS316L | F86: General external corrosion; CUI if insulated | G86: phase + material + fluid service + temperature band | H86: method must detect listed DM | I86: Preliminary DM; validate against P&ID, chemistry and baseline inspection.
A87: CL-BOPUT-LCA--SS304L--T1_BELOW_80C | B87: BOP/Utility | E87: SS304L | F87: General external corrosion; CUI if insulated | G87: phase + material + fluid service + temperature band | H87: method must detect listed DM | I87: Preliminary DM; validate against P&ID, chemistry and baseline inspection.
A88: CL-BOPUT-QEA--SS304L--T1_BELOW_80C | B88: BOP/Utility | E88: SS304L | F88: General external corrosion; CUI if insulated | G88: phase + material + fluid service + temperature band | H88: method must detect listed DM | I88: Preliminary DM; validate against P&ID, chemistry and baseline inspection.
A89: EQ-EQUIP-GCB-ROTATINGPACKAGE | B89: Equipment | E89: CS | F89: Mechanical integrity / support systems; External corrosion; Package-specific degradation | G89: phase + material + fluid service + temperature band | H89: method must detect listed DM | I89: Preliminary DM; validate against P&ID, chemistry and baseline inspection.
A90: EQ-BOPUT-BRV-ROTATINGPACKAGE | B90: BOP/Utility | F90: Mechanical integrity / support systems; External corrosion; Package-specific degradation | G90: phase + material + fluid service + temperature band | H90: method must detect listed DM | I90: Preliminary DM; validate against P&ID, chemistry and baseline inspection.
A91: EQ-BOPUT-QCH-EQUIPMENT | B91: BOP/Utility | F91: General external corrosion; CUI if insulated | G91: phase + material + fluid service + temperature band | H91: method must detect listed DM | I91: Preliminary DM; validate against P&ID, chemistry and baseline inspection.
A92: EQ-BOPUT-LCA-EQUIPMENT | B92: BOP/Utility | F92: General external corrosion; CUI if insulated | G92: phase + material + fluid service + temperature band | H92: method must detect listed DM | I92: Preliminary DM; validate against P&ID, chemistry and baseline inspection.
A93: EQ-BOPUT-LCA-ROTATINGPACKAGE | B93: BOP/Utility | E93: CONCRETE | F93: Mechanical integrity / support systems; External corrosion; Package-specific degradation | G93: phase + material + fluid service + temperature band | H93: method must detect listed DM | I93: Preliminary DM; validate against P&ID, chemistry and baseline inspection.
A94: EQ-BOPUT-PCC-EQUIPMENT | B94: BOP/Utility | F94: General external corrosion; CUI if insulated | G94: phase + material + fluid service + temperature band | H94: method must detect listed DM | I94: Preliminary DM; validate against P&ID, chemistry and baseline inspection.
A95: EQ-BOPUT-PCC-ROTATINGPACKAGE | B95: BOP/Utility | E95: SS316L | F95: Mechanical integrity / support systems; External corrosion; Package-specific degradation | G95: phase + material + fluid service + temperature band | H95: method must detect listed DM | I95: Preliminary DM; validate against P&ID, chemistry and baseline inspection.
A96: CL-BOPUT-QEB-AIR-SS304L-V-T1_BELOW_80C | B96: BOP/Utility | C96: Air | D96: V | E96: SS304L | F96: Atmospheric corrosion; CUI if insulated | G96: phase + material + fluid service + temperature band | H96: method must detect listed DM | I96: Preliminary DM; validate against P&ID, chemistry and baseline inspection.
A97: CL-BOPUT-QEA-AIR-SS304L-V-T1_BELOW_80C | B97: BOP/Utility | C97: Air | D97: V | E97: SS304L | F97: Atmospheric corrosion; CUI if insulated | G97: phase + material + fluid service + temperature band | H97: method must detect listed DM | I97: Preliminary DM; validate against P&ID, chemistry and baseline inspection.
A98: CL-BOPUT-PAB-VENT-SS316L-V-T1_BELOW_80C | B98: BOP/Utility | C98: Vent | D98: V | E98: SS316L | F98: Atmospheric corrosion; CUI if insulated | G98: phase + material + fluid service + temperature band | H98: method must detect listed DM | I98: Preliminary DM; validate against P&ID, chemistry and baseline inspection.
A99: CL-BOPUT-PAB-VENT-SS316L-V-T0_UNKNOWN | B99: BOP/Utility | C99: Vent | D99: V | E99: SS316L | F99: Atmospheric corrosion; CUI if insulated | G99: phase + material + fluid service + temperature band | H99: method must detect listed DM | I99: Preliminary DM; validate against P&ID, chemistry and baseline inspection.
A100: CL-BOPUT-LCA-AIR-SS304L-V-T1_BELOW_80C | B100: BOP/Utility | C100: Air | D100: V | E100: SS304L | F100: Atmospheric corrosion; CUI if insulated | G100: phase + material + fluid service + temperature band | H100: method must detect listed DM | I100: Preliminary DM; validate against P&ID, chemistry and baseline inspection.
A101: CL-POWER-GCB-VENT-CS-V-T1_BELOW_80C | B101: Power Plant | C101: Vent | D101: V | E101: CS | F101: Atmospheric corrosion; CUI if insulated | G101: phase + material + fluid service + temperature band | H101: method must detect listed DM | I101: Preliminary DM; validate against P&ID, chemistry and baseline inspection.

Sheet 06_POF_ENGINE
A1: 06 PoF Engine - Preliminary Semi-Quantitative
A3: Asset Tag | B3: Corrosion Loop ID | C3: Fluid | D3: State | E3: Material | F3: Dominant DM | G3: PoF Score | H3: PoF Basis
A4: P2LBA11 BR001 | B4: CL-SAGS-LBA-STEAM-CS-LG-T3_150C_PLUS | C4: Steam | D4: LG | E4: CS | F4: CO2 corrosion; Erosion-corrosion / FAC; CUI | G4: 4 | H4: Rule-based preliminary score from DM susceptibility; replace with L3 calculation after UT/CR data.
A5: P2LBA11 BR501 | B5: CL-SAGS-LBA-STEAM-CS-LG-T3_150C_PLUS | C5: Steam | D5: LG | E5: CS | F5: CO2 corrosion; Erosion-corrosion / FAC; CUI | G5: 4 | H5: Rule-based preliminary score from DM susceptibility; replace with L3 calculation after UT/CR data.
A6: P2LBA11 BR011 | B6: CL-SAGS-LBA-STEAM-CS-LG-T3_150C_PLUS | C6: Steam | D6: LG | E6: CS | F6: CO2 corrosion; Erosion-corrosion / FAC; CUI | G6: 4 | H6: Rule-based preliminary score from DM susceptibility; replace with L3 calculation after UT/CR data.
A7: P2LBA11 BR003 | B7: CL-SAGS-LBA-STEAM-CS-LG-T3_150C_PLUS | C7: Steam | D7: LG | E7: CS | F7: CO2 corrosion; Erosion-corrosion / FAC; CUI | G7: 4 | H7: Rule-based preliminary score from DM susceptibility; replace with L3 calculation after UT/CR data.
A8: P2LBA11 BR010 | B8: CL-SAGS-LBA-STEAM-CS-LG-T3_150C_PLUS | C8: Steam | D8: LG | E8: CS | F8: CO2 corrosion; Erosion-corrosion / FAC; CUI | G8: 4 | H8: Rule-based preliminary score from DM susceptibility; replace with L3 calculation after UT/CR data.
A9: P2LBA11 BR301 | B9: CL-SAGS-LBA-STEAM-CS-LG-T3_150C_PLUS | C9: Steam | D9: LG | E9: CS | F9: CO2 corrosion; Erosion-corrosion / FAC; CUI | G9: 4 | H9: Rule-based preliminary score from DM susceptibility; replace with L3 calculation after UT/CR data.
A10: P2LBA12 BR001 | B10: CL-SAGS-LBA-STEAM-CS-V-T3_150C_PLUS | C10: Steam | D10: V | E10: CS | F10: CUI; Atmospheric corrosion; Erosion (localized) | G10: 2 | H10: Rule-based preliminary score from DM susceptibility; replace with L3 calculation after UT/CR data.
A11: P2LBA12 BR501 | B11: CL-SAGS-LBA-STEAM-CS-V-T3_150C_PLUS | C11: Steam | D11: V | E11: CS | F11: CUI; Atmospheric corrosion; Erosion (localized) | G11: 2 | H11: Rule-based preliminary score from DM susceptibility; replace with L3 calculation after UT/CR data.
A12: P2LBA12 BR011 | B12: CL-SAGS-LBA-STEAM-CS-V-T3_150C_PLUS | C12: Steam | D12: V | E12: CS | F12: CUI; Atmospheric corrosion; Erosion (localized) | G12: 2 | H12: Rule-based preliminary score from DM susceptibility; replace with L3 calculation after UT/CR data.
A13: P2LBA12 BR003 | B13: CL-SAGS-LBA-STEAM-CS-V-T3_150C_PLUS | C13: Steam | D13: V | E13: CS | F13: CUI; Atmospheric corrosion; Erosion (localized) | G13: 2 | H13: Rule-based preliminary score from DM susceptibility; replace with L3 calculation after UT/CR data.
A14: P2LBA12 BR010 | B14: CL-SAGS-LBA-STEAM-CS-V-T3_150C_PLUS | C14: Steam | D14: V | E14: CS | F14: CUI; Atmospheric corrosion; Erosion (localized) | G14: 2 | H14: Rule-based preliminary score from DM susceptibility; replace with L3 calculation after UT/CR data.
A15: P2LBA12 BR301 | B15: CL-SAGS-LBA-STEAM-CS-V-T3_150C_PLUS | C15: Steam | D15: V | E15: CS | F15: CUI; Atmospheric corrosion; Erosion (localized) | G15: 2 | H15: Rule-based preliminary score from DM susceptibility; replace with L3 calculation after UT/CR data.
... A103: P2LBA09 BR004 | B103: CL-SAGS-LBA-STEAM-CS-V-T1_BELOW_80C | C103: Steam | D103: V | E103: CS | F103: CUI; Atmospheric corrosion; Erosion (localized) | G103: 2 | H103: Rule-based preliminary score from DM susceptibility; replace with L3 calculation after UT/CR data.
A104: P2LBA09 BR005 | B104: CL-SAGS-LBA-STEAM--V-T3_150C_PLUS | C104: Steam | D104: V | F104: CUI; Atmospheric corrosion; Erosion (localized) | G104: 2 | H104: Rule-based preliminary score from DM susceptibility; replace with L3 calculation after UT/CR data.
A105: P2LBA09 BR006 | B105: CL-SAGS-LBA-STEAM-CS-V-T3_150C_PLUS | C105: Steam | D105: V | E105: CS | F105: CUI; Atmospheric corrosion; Erosion (localized) | G105: 2 | H105: Rule-based preliminary score from DM susceptibility; replace with L3 calculation after UT/CR data.
A106: P2LBB05 BR001 | B106: CL-SAGS-LBB-CONDENSATESTEAM-SS316L-L-T0_UNKNOWN | C106: Condensate Steam | D106: L | E106: SS316L | F106: CO2 condensate corrosion; Oxygen corrosion; MIC / under-deposit | G106: 2 | H106: Rule-based preliminary score from DM susceptibility; replace with L3 calculation after UT/CR data.
A107: P2LBB04 BR001 | B107: CL-SAGS-LBB-CONDENSATESTEAM-SS316L-L-T0_UNKNOWN | C107: Condensate Steam | D107: L | E107: SS316L | F107: CO2 condensate corrosion; Oxygen corrosion; MIC / under-deposit | G107: 2 | H107: Rule-based preliminary score from DM susceptibility; replace with L3 calculation after UT/CR data.
A108: P2LBB03 BR001 | B108: CL-SAGS-LBB-CONDENSATESTEAM-SS316L-L-T0_UNKNOWN | C108: Condensate Steam | D108: L | E108: SS316L | F108: CO2 condensate corrosion; Oxygen corrosion; MIC / under-deposit | G108: 2 | H108: Rule-based preliminary score from DM susceptibility; replace with L3 calculation after UT/CR data.
A109: P2MAW01 BR001 | B109: CL-POWER-MAW-GLANDSTEAM-SS316L-V-T2_80_150C | C109: Gland Steam | D109: V | E109: SS316L | F109: CUI; Atmospheric corrosion; Erosion (localized) | G109: 2 | H109: Rule-based preliminary score from DM susceptibility; replace with L3 calculation after UT/CR data.
A110: P2PAB01 BR002 | B110: CL-BOPUT-PAB-SPRAYWATER-SS316L-L-T0_UNKNOWN | C110: Spray Water | D110: L | E110: SS316L | F110: Oxygen corrosion; MIC | G110: 2 | H110: Rule-based preliminary score from DM susceptibility; replace with L3 calculation after UT/CR data.
A111: P2MAW01 BR002 | B111: CL-POWER-MAW-GLANDSTEAM-SS316L-L-T1_BELOW_80C | C111: Gland Steam | D111: L | E111: SS316L | F111: General external corrosion; CUI if insulated | G111: 2 | H111: Rule-based preliminary score from DM susceptibility; replace with L3 calculation after UT/CR data.
A112: P2MAW40 BR010 | B112: CL-POWER-MAW-CONDENSATESTEAM-CS-L-T1_BELOW_80C | C112: Condensate Steam | D112: L | E112: CS | F112: CO2 condensate corrosion; Oxygen corrosion; MIC / under-deposit | G112: 4 | H112: Rule-based preliminary score from DM susceptibility; replace with L3 calculation after UT/CR data.
A113: P2LBG02 BR001 | B113: CL-POWER-LBG-STEAM-CS-V-T3_150C_PLUS | C113: Steam | D113: V | E113: CS | F113: CUI; Atmospheric corrosion; Erosion (localized) | G113: 2 | H113: Rule-based preliminary score from DM susceptibility; replace with L3 calculation after UT/CR data.
A114: P2LBG03 BR001 | B114: CL-POWER-LBG-STEAM-CS-V-T3_150C_PLUS | C114: Steam | D114: V | E114: CS | F114: CUI; Atmospheric corrosion; Erosion (localized) | G114: 2 | H114: Rule-based preliminary score from DM susceptibility; replace with L3 calculation after UT/CR data.
A115: P2LBG04 BR001 | B115: CL-POWER-LBG-STEAM-CS-V-T3_150C_PLUS | C115: Steam | D115: V | E115: CS | F115: CUI; Atmospheric corrosion; Erosion (localized) | G115: 2 | H115: Rule-based preliminary score from DM susceptibility; replace with L3 calculation after UT/CR data.
A116: P2MAJ06 BR001 | B116: CL-POWER-MAJ-NCG-SS316L-V-T0_UNKNOWN | C116: NCG | D116: V | E116: SS316L | F116: H2S / sour corrosion; CLSCC (if chloride + SS); Atmospheric/CUI | G116: 2 | H116: Rule-based preliminary score from DM susceptibility; replace with L3 calculation after UT/CR data.
... A123: P2MAJ10 BR001 | B123: CL-POWER-MAJ-NCG-SS316L-V-T0_UNKNOWN | C123: NCG | D123: V | E123: SS316L | F123: H2S / sour corrosion; CLSCC (if chloride + SS); Atmospheric/CUI | G123: 2 | H123: Rule-based preliminary score from DM susceptibility; replace with L3 calculation after UT/CR data.
A124: P2PCB03 BR001 | B124: CL-BOPUT-PCB-COOLINGWATER--L-T1_BELOW_80C | C124: Cooling Water | D124: L | F124: Cooling water corrosion; MIC; Oxygen corrosion | G124: 2 | H124: Rule-based preliminary score from DM susceptibility; replace with L3 calculation after UT/CR data.
A125: P2MAJ11 BR004 | B125: CL-POWER-MAJ-COOLINGWATER--L-T1_BELOW_80C | C125: Cooling Water | D125: L | F125: Cooling water corrosion; MIC; Oxygen corrosion | G125: 2 | H125: Rule-based preliminary score from DM susceptibility; replace with L3 calculation after UT/CR data.
A126: P2PCB01 BR002 | B126: CL-BOPUT-PCB-COOLINGWATER--L-T1_BELOW_80C | C126: Cooling Water | D126: L | F126: Cooling water corrosion; MIC; Oxygen corrosion | G126: 2 | H126: Rule-based preliminary score from DM susceptibility; replace with L3 calculation after UT/CR data.
A127: P2PCB01 BR003 | B127: CL-BOPUT-PCB-COOLINGWATER--L-T1_BELOW_80C | C127: Cooling Water | D127: L | F127: Cooling water corrosion; MIC; Oxygen corrosion | G127: 2 | H127: Rule-based preliminary score from DM susceptibility; replace with L3 calculation after UT/CR data.
A128: P2MAJ10 BR002 | B128: CL-POWER-MAJ-AIR-SS316L-V-T1_BELOW_80C | C128: Air | D128: V | E128: SS316L | F128: Atmospheric corrosion; CUI if insulated | G128: 1 | H128: Rule-based preliminary score from DM susceptibility; replace with L3 calculation after UT/CR data.
A129: P2MAJ10 BR004 | B129: CL-POWER-MAJ-NCG-SS316L-V-T0_UNKNOWN | C129: NCG | D129: V | E129: SS316L | F129: H2S / sour corrosion; CLSCC (if chloride + SS); Atmospheric/CUI | G129: 2 | H129: Rule-based preliminary score from DM susceptibility; replace with L3 calculation after UT/CR data.
A130: P2MAJ11 BR001 | B130: CL-POWER-MAJ-STEAM-SS316L-V-T3_150C_PLUS | C130: Steam | D130: V | E130: SS316L | F130: CUI; Atmospheric corrosion; Erosion (localized) | G130: 2 | H130: Rule-based preliminary score from DM susceptibility; replace with L3 calculation after UT/CR data.
A131: P2MAJ02 BR001 | B131: CL-POWER-MAJ-NCG-SS316L-V-T0_UNKNOWN | C131: NCG | D131: V | E131: SS316L | F131: H2S / sour corrosion; CLSCC (if chloride + SS); Atmospheric/CUI | G131: 2 | H131: Rule-based preliminary score from DM susceptibility; replace with L3 calculation after UT/CR data.
A132: P2MAJ51 BR001 | B132: CL-POWER-MAJ-COOLINGWATER-SS316L-L-T1_BELOW_80C | C132: Cooling Water | D132: L | E132: SS316L | F132: Cooling water corrosion; MIC; Oxygen corrosion | G132: 2 | H132: Rule-based preliminary score from DM susceptibility; replace with L3 calculation after UT/CR data.
A133: P2MAJ51 BR002 | B133: CL-POWER-MAJ-COOLINGWATER-SS316L-L-T1_BELOW_80C | C133: Cooling Water | D133: L | E133: SS316L | F133: Cooling water corrosion; MIC; Oxygen corrosion | G133: 2 | H133: Rule-based preliminary score from DM susceptibility; replace with L3 calculation after UT/CR data.
A134: P2MAJ51 BR003 | B134: CL-POWER-MAJ-COOLINGWATER-SS316L-L-T1_BELOW_80C | C134: Cooling Water | D134: L | E134: SS316L | F134: Cooling water corrosion; MIC; Oxygen corrosion | G134: 2 | H134: Rule-based preliminary score from DM susceptibility; replace with L3 calculation after UT/CR data.
A135: P2MAJ14 BR001 | B135: CL-POWER-MAJ-NCG-SS316L-V-T0_UNKNOWN | C135: NCG | D135: V | E135: SS316L | F135: H2S / sour corrosion; CLSCC (if chloride + SS); Atmospheric/CUI | G135: 2 | H135: Rule-based preliminary score from DM susceptibility; replace with L3 calculation after UT/CR data.
A136: P2MAJ03 BR001 | B136: CL-POWER-MAJ-COOLINGWATER-SS316L-L-T1_BELOW_80C | C136: Cooling Water | D136: L | E136: SS316L | F136: Cooling water corrosion; MIC; Oxygen corrosion | G136: 2 | H136: Rule-based preliminary score from DM susceptibility; replace with L3 calculation after UT/CR data.
A137: P2PCB02 BR002 | B137: CL-BOPUT-PCB-COOLINGWATER--L-T1_BELOW_80C | C137: Cooling Water | D137: L | F137: Cooling water corrosion; MIC; Oxygen corrosion | G137: 2 | H137: Rule-based preliminary score from DM susceptibility; replace with L3 calculation after UT/CR data.
A138: P2PCB02 BR003 | B138: CL-BOPUT-PCB-COOLINGWATER--L-T1_BELOW_80C | C138: Cooling Water | D138: L | F138: Cooling water corrosion; MIC; Oxygen corrosion | G138: 2 | H138: Rule-based preliminary score from DM susceptibility; replace with L3 calculation after UT/CR data.
A139: P2MAJ12 BR001 | B139: CL-POWER-MAJ-NCG-SS316L-V-T0_UNKNOWN | C139: NCG | D139: V | E139: SS316L | F139: H2S / sour corrosion; CLSCC (if chloride + SS); Atmospheric/CUI | G139: 2 | H139: Rule-based preliminary score from DM susceptibility; replace with L3 calculation after UT/CR data.
A140: P2MAJ13 BR001 | B140: CL-POWER-MAJ-NCG-SS316L-V-T0_UNKNOWN | C140: NCG | D140: V | E140: SS316L | F140: H2S / sour corrosion; CLSCC (if chloride + SS); Atmospheric/CUI | G140: 2 | H140: Rule-based preliminary score from DM susceptibility; replace with L3 calculation after UT/CR data.
A141: P2MAJ13 BR002 | B141: CL-POWER-MAJ-AIR-SS316L-V-T1_BELOW_80C | C141: Air | D141: V | E141: SS316L | F141: Atmospheric corrosion; CUI if insulated | G141: 1 | H141: Rule-based preliminary score from DM susceptibility; replace with L3 calculation after UT/CR data.
A142: P2MAJ13 BR003 | B142: CL-POWER-MAJ-NCG-SS316L-V-T0_UNKNOWN | C142: NCG | D142: V | E142: SS316L | F142: H2S / sour corrosion; CLSCC (if chloride + SS); Atmospheric/CUI | G142: 2 | H142: Rule-based preliminary score from DM susceptibility; replace with L3 calculation after UT/CR data.
A143: P2MAJ13 BR004 | B143: CL-POWER-MAJ-NCG-SS316L-V-T0_UNKNOWN | C143: NCG | D143: V | E143: SS316L | F143: H2S / sour corrosion; CLSCC (if chloride + SS); Atmospheric/CUI | G143: 2 | H143: Rule-based preliminary score from DM susceptibility; replace with L3 calculation after UT/CR data.
A144: P2MAJ52 BR001 | B144: CL-POWER-MAJ-COOLINGWATER-SS316L-L-T1_BELOW_80C | C144: Cooling Water | D144: L | E144: SS316L | F144: Cooling water corrosion; MIC; Oxygen corrosion | G144: 2 | H144: Rule-based preliminary score from DM susceptibility; replace with L3 calculation after UT/CR data.
A145: P2MAJ52 BR002 | B145: CL-POWER-MAJ-COOLINGWATER-SS316L-L-T1_BELOW_80C | C145: Cooling Water | D145: L | E145: SS316L | F145: Cooling water corrosion; MIC; Oxygen corrosion | G145: 2 | H145: Rule-based preliminary score from DM susceptibility; replace with L3 calculation after UT/CR data.
A146: P2MAJ52 BR003 | B146: CL-POWER-MAJ-COOLINGWATER-SS316L-L-T1_BELOW_80C | C146: Cooling Water | D146: L | E146: SS316L | F146: Cooling water corrosion; MIC; Oxygen corrosion | G146: 2 | H146: Rule-based preliminary score from DM susceptibility; replace with L3 calculation after UT/CR data.
A147: P2MAJ04 BR001 | B147: CL-POWER-MAJ-COOLINGWATER-SS316L-L-T1_BELOW_80C | C147: Cooling Water | D147: L | E147: SS316L | F147: Cooling water corrosion; MIC; Oxygen corrosion | G147: 2 | H147: Rule-based preliminary score from DM susceptibility; replace with L3 calculation after UT/CR data.
A148: P2MAJ17 BR001 | B148: CL-POWER-MAJ-NCG-SS316L-V-T0_UNKNOWN | C148: NCG | D148: V | E148: SS316L | F148: H2S / sour corrosion; CLSCC (if chloride + SS); Atmospheric/CUI | G148: 2 | H148: Rule-based preliminary score from DM susceptibility; replace with L3 calculation after UT/CR data.
A149: P2MAJ16 BR001 | B149: CL-POWER-MAJ-NCG-SS316L-V-T0_UNKNOWN | C149: NCG | D149: V | E149: SS316L | F149: H2S / sour corrosion; CLSCC (if chloride + SS); Atmospheric/CUI | G149: 2 | H149: Rule-based preliminary score from DM susceptibility; replace with L3 calculation after UT/CR data.
A150: P2PAD01 BR003 | B150: CL-BOPUT-PAD-COOLINGWATER--L-T1_BELOW_80C | C150: Cooling Water | D150: L | F150: Cooling water corrosion; MIC; Oxygen corrosion | G150: 2 | H150: Rule-based preliminary score from DM susceptibility; replace with L3 calculation after UT/CR data.
A151: P2PAD01 BR004 | B151: CL-BOPUT-PAD-COOLINGWATER--L-T1_BELOW_80C | C151: Cooling Water | D151: L | F151: Cooling water corrosion; MIC; Oxygen corrosion | G151: 2 | H151: Rule-based preliminary score from DM susceptibility; replace with L3 calculation after UT/CR data.
A152: P2MAG10 BR001 | B152: CL-POWER-MAG-AIR-SS316L-V-T1_BELOW_80C | C152: Air | D152: V | E152: SS316L | F152: Atmospheric corrosion; CUI if insulated | G152: 1 | H152: Rule-based preliminary score from DM susceptibility; replace with L3 calculation after UT/CR data.
A153: P2MAG10 BR002 | B153: CL-POWER-MAG-COOLINGWATER-SS316L-L-T1_BELOW_80C | C153: Cooling Water | D153: L | E153: SS316L | F153: Cooling water corrosion; MIC; Oxygen corrosion | G153: 2 | H153: Rule-based preliminary score from DM susceptibility; replace with L3 calculation after UT/CR data.
A154: P2PAB02 BR001 | B154: CL-BOPUT-PAB-COOLINGWATER-SS316L-L-T1_BELOW_80C | C154: Cooling Water | D154: L | E154: SS316L | F154: Cooling water corrosion; MIC; Oxygen corrosion | G154: 2 | H154: Rule-based preliminary score from DM susceptibility; replace with L3 calculation after UT/CR data.
A155: P2PAB03 BR001 | B155: CL-BOPUT-PAB-COOLINGWATER-SS316L-L-T1_BELOW_80C | C155: Cooling Water | D155: L | E155: SS316L | F155: Cooling water corrosion; MIC; Oxygen corrosion | G155: 2 | H155: Rule-based preliminary score from DM susceptibility; replace with L3 calculation after UT/CR data.
A156: P2LBA03 BR001 | B156: CL-SAGS-LBA-CONDENSATE-CS-L-T1_BELOW_80C | C156: Condensate | D156: L | E156: CS | F156: CO2 condensate corrosion; Oxygen corrosion; MIC / under-deposit | G156: 4 | H156: Rule-based preliminary score from DM susceptibility; replace with L3 calculation after UT/CR data.
A157: P2LBA03 BR002 | B157: CL-SAGS-LBA-CONDENSATE-CS-L-T1_BELOW_80C | C157: Condensate | D157: L | E157: CS | F157: CO2 condensate corrosion; Oxygen corrosion; MIC / under-deposit | G157: 4 | H157: Rule-based preliminary score from DM susceptibility; replace with L3 calculation after UT/CR data.
A158: P2PAB08 BR001 | B158: CL-BOPUT-PAB-COOLINGWATER-SS316L-L-T1_BELOW_80C | C158: Cooling Water | D158: L | E158: SS316L | F158: Cooling water corrosion; MIC; Oxygen corrosion | G158: 2 | H158: Rule-based preliminary score from DM susceptibility; replace with L3 calculation after UT/CR data.
A159: P2PAB04 BR001 | B159: CL-BOPUT-PAB-COOLINGWATER-SS316L-L-T1_BELOW_80C | C159: Cooling Water | D159: L | E159: SS316L | F159: Cooling water corrosion; MIC; Oxygen corrosion | G159: 2 | H159: Rule-based preliminary score from DM susceptibility; replace with L3 calculation after UT/CR data.
A160: P2PAB11 BR001 | B160: CL-BOPUT-PAB-COOLINGWATER-SS316L-L-T1_BELOW_80C | C160: Cooling Water | D160: L | E160: SS316L | F160: Cooling water corrosion; MIC; Oxygen corrosion | G160: 2 | H160: Rule-based preliminary score from DM susceptibility; replace with L3 calculation after UT/CR data.
A161: P2PAB11 BR002 | B161: CL-BOPUT-PAB-COOLINGWATER-SS316L-L-T1_BELOW_80C | C161: Cooling Water | D161: L | E161: SS316L | F161: Cooling water corrosion; MIC; Oxygen corrosion | G161: 2 | H161: Rule-based preliminary score from DM susceptibility; replace with L3 calculation after UT/CR data.
A162: P2PAB11 BR003 | B162: CL-BOPUT-PAB-COOLINGWATER-SS316L-L-T1_BELOW_80C | C162: Cooling Water | D162: L | E162: SS316L | F162: Cooling water corrosion; MIC; Oxygen corrosion | G162: 2 | H162: Rule-based preliminary score from DM susceptibility; replace with L3 calculation after UT/CR data.
A163: P2PAB12 BR001 | B163: CL-BOPUT-PAB-COOLINGWATER-SS316L-L-T1_BELOW_80C | C163: Cooling Water | D163: L | E163: SS316L | F163: Cooling water corrosion; MIC; Oxygen corrosion | G163: 2 | H163: Rule-based preliminary score from DM susceptibility; replace with L3 calculation after UT/CR data.
... A169: P2PAB08 BR004 | B169: CL-BOPUT-PAB-STEAMWASH-SS316L-L-T0_UNKNOWN | C169: Steam Wash | D169: L | E169: SS316L | F169: CO2 condensate corrosion; Oxygen corrosion; MIC / under-deposit | G169: 2 | H169: Rule-based preliminary score from DM susceptibility; replace with L3 calculation after UT/CR data.
A170: P2PCB15 BR002 | B170: CL-BOPUT-PCB-COOLINGWATER--L-T1_BELOW_80C | C170: Cooling Water | D170: L | F170: Cooling water corrosion; MIC; Oxygen corrosion | G170: 2 | H170: Rule-based preliminary score from DM susceptibility; replace with L3 calculation after UT/CR data.
A171: P2PAB02 BR002 | B171: CL-BOPUT-PAB-COOLINGWATER-SS316L-L-T1_BELOW_80C | C171: Cooling Water | D171: L | E171: SS316L | F171: Cooling water corrosion; MIC; Oxygen corrosion | G171: 2 | H171: Rule-based preliminary score from DM susceptibility; replace with L3 calculation after UT/CR data.
A172: P2PAB09 BR001 | B172: CL-BOPUT-PAB-COOLINGWATER-SS316L-L-T1_BELOW_80C | C172: Cooling Water | D172: L | E172: SS316L | F172: Cooling water corrosion; MIC; Oxygen corrosion | G172: 2 | H172: Rule-based preliminary score from DM susceptibility; replace with L3 calculation after UT/CR data.
A173: P2PAB09 BR002 | B173: CL-BOPUT-PAB-COOLINGWATER-SS316L-L-T1_BELOW_80C | C173: Cooling Water | D173: L | E173: SS316L | F173: Cooling water corrosion; MIC; Oxygen corrosion | G173: 2 | H173: Rule-based preliminary score from DM susceptibility; replace with L3 calculation after UT/CR data.
A174: P2PAB05 BR001 | B174: CL-BOPUT-PAB-COOLINGWATER-SS316L-L-T1_BELOW_80C | C174: Cooling Water | D174: L | E174: SS316L | F174: Cooling water corrosion; MIC; Oxygen corrosion | G174: 2 | H174: Rule-based preliminary score from DM susceptibility; replace with L3 calculation after UT/CR data.
A175: P2PAB07 BR001 | B175: CL-BOPUT-PAB-VENT-SS316L-V-T1_BELOW_80C | C175: Vent | D175: V | E175: SS316L | F175: Atmospheric corrosion; CUI if insulated | G175: 1 | H175: Rule-based preliminary score from DM susceptibility; replace with L3 calculation after UT/CR data.
A176: P2PAB06 BR001 | B176: CL-BOPUT-PAB-VENT-SS316L-V-T0_UNKNOWN | C176: Vent | D176: V | E176: SS316L | F176: Atmospheric corrosion; CUI if insulated | G176: 1 | H176: Rule-based preliminary score from DM susceptibility; replace with L3 calculation after UT/CR data.
A177: P2PCB16 BR002 | B177: CL-BOPUT-PCB-COOLINGWATER--L-T1_BELOW_80C | C177: Cooling Water | D177: L | F177: Cooling water corrosion; MIC; Oxygen corrosion | G177: 2 | H177: Rule-based preliminary score from DM susceptibility; replace with L3 calculation after UT/CR data.
A178: P2PAB03 BR002 | B178: CL-BOPUT-PAB-COOLINGWATER-SS316L-L-T1_BELOW_80C | C178: Cooling Water | D178: L | E178: SS316L | F178: Cooling water corrosion; MIC; Oxygen corrosion | G178: 2 | H178: Rule-based preliminary score from DM susceptibility; replace with L3 calculation after UT/CR data.
A179: P2MAJ14 BR003 | B179: CL-POWER-MAJ-NCG-SS316L-V-T0_UNKNOWN | C179: NCG | D179: V | E179: SS316L | F179: H2S / sour corrosion; CLSCC (if chloride + SS); Atmospheric/CUI | G179: 2 | H179: Rule-based preliminary score from DM susceptibility; replace with L3 calculation after UT/CR data.
A180: P2MAJ14 BR004 | B180: CL-POWER-MAJ-NCG-SS316L-V-T0_UNKNOWN | C180: NCG | D180: V | E180: SS316L | F180: H2S / sour corrosion; CLSCC (if chloride + SS); Atmospheric/CUI | G180: 2 | H180: Rule-based preliminary score from DM susceptibility; replace with L3 calculation after UT/CR data.
A181: P2MAJ14 BR005 | B181: CL-POWER-MAJ-NCG-SS316L-V-T0_UNKNOWN | C181: NCG | D181: V | E181: SS316L | F181: H2S / sour corrosion; CLSCC (if chloride + SS); Atmospheric/CUI | G181: 2 | H181: Rule-based preliminary score from DM susceptibility; replace with L3 calculation after UT/CR data.
A182: P2MAJ14 BR006 | B182: CL-POWER-MAJ-NCG-SS316L-V-T0_UNKNOWN | C182: NCG | D182: V | E182: SS316L | F182: H2S / sour corrosion; CLSCC (if chloride + SS); Atmospheric/CUI | G182: 2 | H182: Rule-based preliminary score from DM susceptibility; replace with L3 calculation after UT/CR data.
A183: P2MAJ14 BR007 | B183: CL-POWER-MAJ-NCG-SS316L-V-T0_UNKNOWN | C183: NCG | D183: V | E183: SS316L | F183: H2S / sour corrosion; CLSCC (if chloride + SS); Atmospheric/CUI | G183: 2 | H183: Rule-based preliminary score from DM susceptibility; replace with L3 calculation after UT/CR data.
A184: P2MAJ14 BR008 | B184: CL-POWER-MAJ-NCG-SS316L-V-T0_UNKNOWN | C184: NCG | D184: V | E184: SS316L | F184: H2S / sour corrosion; CLSCC (if chloride + SS); Atmospheric/CUI | G184: 2 | H184: Rule-based preliminary score from DM susceptibility; replace with L3 calculation after UT/CR data.
A185: P2PAB10 BR002 | B185: CL-BOPUT-PAB-CONDENSATE--L-T1_BELOW_80C | C185: Condensate | D185: L | F185: CO2 condensate corrosion; Oxygen corrosion; MIC / under-deposit | G185: 2 | H185: Rule-based preliminary score from DM susceptibility; replace with L3 calculation after UT/CR data.
A186: P2PAB10 BR003 | B186: CL-BOPUT-PAB-CONDENSATE--L-T1_BELOW_80C | C186: Condensate | D186: L | F186: CO2 condensate corrosion; Oxygen corrosion; MIC / under-deposit | G186: 2 | H186: Rule-based preliminary score from DM susceptibility; replace with L3 calculation after UT/CR data.
A187: P2PAB10 BR004 | B187: CL-BOPUT-PAB-CONDENSATE--L-T1_BELOW_80C | C187: Condensate | D187: L | F187: CO2 condensate corrosion; Oxygen corrosion; MIC / under-deposit | G187: 2 | H187: Rule-based preliminary score from DM susceptibility; replace with L3 calculation after UT/CR data.
A188: P2PAB10 BR005 | B188: CL-BOPUT-PAB-CONDENSATE--L-T1_BELOW_80C | C188: Condensate | D188: L | F188: CO2 condensate corrosion; Oxygen corrosion; MIC / under-deposit | G188: 2 | H188: Rule-based preliminary score from DM susceptibility; replace with L3 calculation after UT/CR data.
A189: P2PAB10 BR006 | B189: CL-BOPUT-PAB-CONDENSATE--L-T1_BELOW_80C | C189: Condensate | D189: L | F189: CO2 condensate corrosion; Oxygen corrosion; MIC / under-deposit | G189: 2 | H189: Rule-based preliminary score from DM susceptibility; replace with L3 calculation after UT/CR data.
A190: P2PAB10 BR007 | B190: CL-BOPUT-PAB-CONDENSATE--L-T1_BELOW_80C | C190: Condensate | D190: L | F190: CO2 condensate corrosion; Oxygen corrosion; MIC / under-deposit | G190: 2 | H190: Rule-based preliminary score from DM susceptibility; replace with L3 calculation after UT/CR data.
A191: P2PAB10 BR008 | B191: CL-BOPUT-PAB-CONDENSATE--L-T1_BELOW_80C | C191: Condensate | D191: L | F191: CO2 condensate corrosion; Oxygen corrosion; MIC / under-deposit | G191: 2 | H191: Rule-based preliminary score from DM susceptibility; replace with L3 calculation after UT/CR data.
A192: P2PAD03 BR004 | B192: CL-BOPUT-PAD-CONDENSATE-FRP-L-T1_BELOW_80C | C192: Condensate | D192: L | E192: FRP | F192: CO2 condensate corrosion; Oxygen corrosion; MIC / under-deposit | G192: 2 | H192: Rule-based preliminary score from DM susceptibility; replace with L3 calculation after UT/CR data.
A193: P2PAD01 BR002 | B193: CL-BOPUT-PAD-COOLINGWATER--L-T1_BELOW_80C | C193: Cooling Water | D193: L | F193: Cooling water corrosion; MIC; Oxygen corrosion | G193: 2 | H193: Rule-based preliminary score from DM susceptibility; replace with L3 calculation after UT/CR data.
A194: P2PAD02 BR001 | B194: CL-BOPUT-PAD-COOLINGWATER--L-T1_BELOW_80C | C194: Cooling Water | D194: L | F194: Cooling water corrosion; MIC; Oxygen corrosion | G194: 2 | H194: Rule-based preliminary score from DM susceptibility; replace with L3 calculation after UT/CR data.
A195: P2PAD03 BR001 | B195: CL-BOPUT-PAD-COOLINGWATER-FRP-L-T1_BELOW_80C | C195: Cooling Water | D195: L | E195: FRP | F195: Non-metallic degradation / erosion; Joint/leakage; Fouling | G195: 2 | H195: Rule-based preliminary score from DM susceptibility; replace with L3 calculation after UT/CR data.
A196: P2PAD04 BR001 | B196: CL-BOPUT-PAD-COOLINGWATER--L-T1_BELOW_80C | C196: Cooling Water | D196: L | F196: Cooling water corrosion; MIC; Oxygen corrosion | G196: 2 | H196: Rule-based preliminary score from DM susceptibility; replace with L3 calculation after UT/CR data.
A197: P2PAD04 BR002 | B197: CL-BOPUT-PAD-COOLINGWATER--L-T1_BELOW_80C | C197: Cooling Water | D197: L | F197: Cooling water corrosion; MIC; Oxygen corrosion | G197: 2 | H197: Rule-based preliminary score from DM susceptibility; replace with L3 calculation after UT/CR data.
A198: P2SGA11 BR001 | B198: CL-BOPUT-SGA-COOLINGWATER-CS-L-T1_BELOW_80C | C198: Cooling Water | D198: L | E198: CS | F198: Cooling water corrosion; MIC; Oxygen corrosion | G198: 3 | H198: Rule-based preliminary score from DM susceptibility; replace with L3 calculation after UT/CR data.
A199: P2PAB11 BR006 | B199: CL-BOPUT-PAB-CONDENSATE-SS316L-L-T1_BELOW_80C | C199: Condensate | D199: L | E199: SS316L | F199: CO2 condensate corrosion; Oxygen corrosion; MIC / under-deposit | G199: 2 | H199: Rule-based preliminary score from DM susceptibility; replace with L3 calculation after UT/CR data.
...

Sheet 07_COF_ENGINE
A1: 07 CoF Engine - GDE Style Multi-Parameter Placeholder
A3: Asset Tag | B3: Production | C3: Asset Damage | D3: Non-Productive Asset | E3: Safety | F3: Environment | G3: Reputation | H3: Final CoF | I3: CoF Basis
A4: P2LBA11 BR001 | B4: 5 | C4: 5 | D4: 2 | E4: 3 | F4: 2 | G4: 3 | H4: 5 | I4: Final CoF = MAX of six consequence parameters per GDE style.
A5: P2LBA11 BR501 | B5: 5 | C5: 5 | D5: 2 | E5: 3 | F5: 2 | G5: 3 | H5: 5 | I5: Final CoF = MAX of six consequence parameters per GDE style.
A6: P2LBA11 BR011 | B6: 5 | C6: 5 | D6: 2 | E6: 3 | F6: 2 | G6: 3 | H6: 5 | I6: Final CoF = MAX of six consequence parameters per GDE style.
A7: P2LBA11 BR003 | B7: 5 | C7: 5 | D7: 2 | E7: 3 | F7: 2 | G7: 3 | H7: 5 | I7: Final CoF = MAX of six consequence parameters per GDE style.
A8: P2LBA11 BR010 | B8: 5 | C8: 5 | D8: 2 | E8: 3 | F8: 2 | G8: 3 | H8: 5 | I8: Final CoF = MAX of six consequence parameters per GDE style.
A9: P2LBA11 BR301 | B9: 5 | C9: 5 | D9: 2 | E9: 3 | F9: 2 | G9: 3 | H9: 5 | I9: Final CoF = MAX of six consequence parameters per GDE style.
A10: P2LBA12 BR001 | B10: 5 | C10: 5 | D10: 2 | E10: 3 | F10: 2 | G10: 3 | H10: 5 | I10: Final CoF = MAX of six consequence parameters per GDE style.
A11: P2LBA12 BR501 | B11: 5 | C11: 5 | D11: 2 | E11: 3 | F11: 2 | G11: 3 | H11: 5 | I11: Final CoF = MAX of six consequence parameters per GDE style.
A12: P2LBA12 BR011 | B12: 5 | C12: 5 | D12: 2 | E12: 3 | F12: 2 | G12: 3 | H12: 5 | I12: Final CoF = MAX of six consequence parameters per GDE style.
A13: P2LBA12 BR003 | B13: 5 | C13: 5 | D13: 2 | E13: 3 | F13: 2 | G13: 3 | H13: 5 | I13: Final CoF = MAX of six consequence parameters per GDE style.
A14: P2LBA12 BR010 | B14: 5 | C14: 5 | D14: 2 | E14: 3 | F14: 2 | G14: 3 | H14: 5 | I14: Final CoF = MAX of six consequence parameters per GDE style.
A15: P2LBA12 BR301 | B15: 5 | C15: 5 | D15: 2 | E15: 3 | F15: 2 | G15: 3 | H15: 5 | I15: Final CoF = MAX of six consequence parameters per GDE style.
... A416: PTH2SGA15 BB001 | B416: 2 | C416: 2 | D416: 2 | E416: 2 | F416: 2 | G416: 2 | H416: 2 | I416: Final CoF = MAX of six consequence parameters per GDE style.

Sheet 08_GDE_RISK_ENGINE
A1: 08 GDE Risk Engine
A3: Asset Tag | B3: Asset Type | C3: System | D3: Corrosion Loop ID | E3: PoF Score | F3: CoF Score | G3: Risk Level | H3: ECA Category | I3: RBI Scope | J3: Risk Basis
A4: P2LBA11 BR001 | B4: Piping | C4: SAGS | D4: CL-SAGS-LBA-STEAM-CS-LG-T3_150C_PLUS | E4: 4 | F4: 5 | G4: Extreme High | H4: C1 | I4: IN | J4: GDE-style matrix from PoF=4 and CoF=5
A5: P2LBA11 BR501 | B5: Piping | C5: SAGS | D5: CL-SAGS-LBA-STEAM-CS-LG-T3_150C_PLUS | E5: 4 | F5: 5 | G5: Extreme High | H5: C1 | I5: IN | J5: GDE-style matrix from PoF=4 and CoF=5
A6: P2LBA11 BR011 | B6: Piping | C6: SAGS | D6: CL-SAGS-LBA-STEAM-CS-LG-T3_150C_PLUS | E6: 4 | F6: 5 | G6: Extreme High | H6: C1 | I6: IN | J6: GDE-style matrix from PoF=4 and CoF=5
A7: P2LBA11 BR003 | B7: Piping | C7: SAGS | D7: CL-SAGS-LBA-STEAM-CS-LG-T3_150C_PLUS | E7: 4 | F7: 5 | G7: Extreme High | H7: C1 | I7: IN | J7: GDE-style matrix from PoF=4 and CoF=5
A8: P2LBA11 BR010 | B8: Piping | C8: SAGS | D8: CL-SAGS-LBA-STEAM-CS-LG-T3_150C_PLUS | E8: 4 | F8: 5 | G8: Extreme High | H8: C1 | I8: IN | J8: GDE-style matrix from PoF=4 and CoF=5
A9: P2LBA11 BR301 | B9: Piping | C9: SAGS | D9: CL-SAGS-LBA-STEAM-CS-LG-T3_150C_PLUS | E9: 4 | F9: 5 | G9: Extreme High | H9: C1 | I9: IN | J9: GDE-style matrix from PoF=4 and CoF=5
A10: P2LBA12 BR001 | B10: Piping | C10: SAGS | D10: CL-SAGS-LBA-STEAM-CS-V-T3_150C_PLUS | E10: 2 | F10: 5 | G10: High | H10: C1 | I10: IN | J10: GDE-style matrix from PoF=2 and CoF=5
A11: P2LBA12 BR501 | B11: Piping | C11: SAGS | D11: CL-SAGS-LBA-STEAM-CS-V-T3_150C_PLUS | E11: 2 | F11: 5 | G11: High | H11: C1 | I11: IN | J11: GDE-style matrix from PoF=2 and CoF=5
A12: P2LBA12 BR011 | B12: Piping | C12: SAGS | D12: CL-SAGS-LBA-STEAM-CS-V-T3_150C_PLUS | E12: 2 | F12: 5 | G12: High | H12: C1 | I12: IN | J12: GDE-style matrix from PoF=2 and CoF=5
A13: P2LBA12 BR003 | B13: Piping | C13: SAGS | D13: CL-SAGS-LBA-STEAM-CS-V-T3_150C_PLUS | E13: 2 | F13: 5 | G13: High | H13: C1 | I13: IN | J13: GDE-style matrix from PoF=2 and CoF=5
A14: P2LBA12 BR010 | B14: Piping | C14: SAGS | D14: CL-SAGS-LBA-STEAM-CS-V-T3_150C_PLUS | E14: 2 | F14: 5 | G14: High | H14: C1 | I14: IN | J14: GDE-style matrix from PoF=2 and CoF=5
A15: P2LBA12 BR301 | B15: Piping | C15: SAGS | D15: CL-SAGS-LBA-STEAM-CS-V-T3_150C_PLUS | E15: 2 | F15: 5 | G15: High | H15: C1 | I15: IN | J15: GDE-style matrix from PoF=2 and CoF=5
... A416: PTH2SGA15 BB001 | B416: Equipment | C416: Equipment | D416: EQ-EQUIP-SGA-STATICEQUIPMENT | E416: 3 | F416: 2 | G416: High | H416: C3 | I416: LIMITED | J416: GDE-style matrix from PoF=3 and CoF=2

Sheet 09_INSPECTION_STRATEGY
A1: 09 Inspection Strategy
A3: Asset Tag | B3: Asset Type | C3: System | D3: Corrosion Loop ID | E3: Risk Level | F3: Confidence Level | G3: Interval (yr) | H3: Method | I3: TML / Focus Area | J3: Basis
A4: P2LBA11 BR001 | B4: Piping | C4: SAGS | D4: CL-SAGS-LBA-STEAM-CS-LG-T3_150C_PLUS | E4: Extreme High | F4: 4 | G4: 0.5 | H4: UT Scan + VT | I4: Bends, reducers, low points, drain/deadleg, nozzles, insulation damage area | J4: CO2 corrosion; Erosion-corrosion / FAC; CUI
A5: P2LBA11 BR501 | B5: Piping | C5: SAGS | D5: CL-SAGS-LBA-STEAM-CS-LG-T3_150C_PLUS | E5: Extreme High | F5: 4 | G5: 0.5 | H5: UT Scan + VT | I5: Bends, reducers, low points, drain/deadleg, nozzles, insulation damage area | J5: CO2 corrosion; Erosion-corrosion / FAC; CUI
A6: P2LBA11 BR011 | B6: Piping | C6: SAGS | D6: CL-SAGS-LBA-STEAM-CS-LG-T3_150C_PLUS | E6: Extreme High | F6: 4 | G6: 0.5 | H6: UT Scan + VT | I6: Bends, reducers, low points, drain/deadleg, nozzles, insulation damage area | J6: CO2 corrosion; Erosion-corrosion / FAC; CUI
A7: P2LBA11 BR003 | B7: Piping | C7: SAGS | D7: CL-SAGS-LBA-STEAM-CS-LG-T3_150C_PLUS | E7: Extreme High | F7: 4 | G7: 0.5 | H7: UT Scan + VT | I7: Bends, reducers, low points, drain/deadleg, nozzles, insulation damage area | J7: CO2 corrosion; Erosion-corrosion / FAC; CUI
A8: P2LBA11 BR010 | B8: Piping | C8: SAGS | D8: CL-SAGS-LBA-STEAM-CS-LG-T3_150C_PLUS | E8: Extreme High | F8: 4 | G8: 0.5 | H8: UT Scan + VT | I8: Bends, reducers, low points, drain/deadleg, nozzles, insulation damage area | J8: CO2 corrosion; Erosion-corrosion / FAC; CUI
A9: P2LBA11 BR301 | B9: Piping | C9: SAGS | D9: CL-SAGS-LBA-STEAM-CS-LG-T3_150C_PLUS | E9: Extreme High | F9: 4 | G9: 0.5 | H9: UT Scan + VT | I9: Bends, reducers, low points, drain/deadleg, nozzles, insulation damage area | J9: CO2 corrosion; Erosion-corrosion / FAC; CUI
A10: P2LBA12 BR001 | B10: Piping | C10: SAGS | D10: CL-SAGS-LBA-STEAM-CS-V-T3_150C_PLUS | E10: High | F10: 4 | G10: 0.5 | H10: VT + CUI screening | I10: Bends, reducers, low points, drain/deadleg, nozzles, insulation damage area | J10: CUI; Atmospheric corrosion; Erosion (localized)
A11: P2LBA12 BR501 | B11: Piping | C11: SAGS | D11: CL-SAGS-LBA-STEAM-CS-V-T3_150C_PLUS | E11: High | F11: 4 | G11: 0.5 | H11: VT + CUI screening | I11: Bends, reducers, low points, drain/deadleg, nozzles, insulation damage area | J11: CUI; Atmospheric corrosion; Erosion (localized)
A12: P2LBA12 BR011 | B12: Piping | C12: SAGS | D12: CL-SAGS-LBA-STEAM-CS-V-T3_150C_PLUS | E12: High | F12: 4 | G12: 0.5 | H12: VT + CUI screening | I12: Bends, reducers, low points, drain/deadleg, nozzles, insulation damage area | J12: CUI; Atmospheric corrosion; Erosion (localized)
A13: P2LBA12 BR003 | B13: Piping | C13: SAGS | D13: CL-SAGS-LBA-STEAM-CS-V-T3_150C_PLUS | E13: High | F13: 4 | G13: 0.5 | H13: VT + CUI screening | I13: Bends, reducers, low points, drain/deadleg, nozzles, insulation damage area | J13: CUI; Atmospheric corrosion; Erosion (localized)
A14: P2LBA12 BR010 | B14: Piping | C14: SAGS | D14: CL-SAGS-LBA-STEAM-CS-V-T3_150C_PLUS | E14: High | F14: 4 | G14: 0.5 | H14: VT + CUI screening | I14: Bends, reducers, low points, drain/deadleg, nozzles, insulation damage area | J14: CUI; Atmospheric corrosion; Erosion (localized)
A15: P2LBA12 BR301 | B15: Piping | C15: SAGS | D15: CL-SAGS-LBA-STEAM-CS-V-T3_150C_PLUS | E15: High | F15: 4 | G15: 0.5 | H15: VT + CUI screening | I15: Bends, reducers, low points, drain/deadleg, nozzles, insulation damage area | J15: CUI; Atmospheric corrosion; Erosion (localized)
... A416: PTH2SGA15 BB001 | B416: Equipment | C416: Equipment | D416: EQ-EQUIP-SGA-STATICEQUIPMENT | E416: High | F416: 4 | G416: 0.5 | H416: VT + UT thickness / component inspection | I416: Bends, reducers, low points, drain/deadleg, nozzles, insulation damage area | J416: General external corrosion; CUI if insulated

Sheet 10_L3_UPGRADE_INPUT
A1: 10 L3 Upgrade Input - Future Quantitative RBI
A3: Asset Tag | B3: Asset Type | C3: Corrosion Loop ID | D3: t_nominal (mm) | E3: t_initial (mm) | F3: t_actual (mm) | G3: t_min_required (mm) | H3: t_previous (mm) | I3: Inspection Date | J3: Previous Inspection Date | K3: CR_LT (mm/yr) | L3: CR_ST (mm/yr) | M3: Remaining Life (yr) | N3: L3 PoF Score | O3: Comment
A4: P2LBA11 BR001 | B4: Piping | C4: CL-SAGS-LBA-STEAM-CS-LG-T3_150C_PLUS | K4: =IFERROR((E4-F4)/MAX(1,(I4-J4)/365),"") -> 0 | L4: =IFERROR((H4-F4)/MAX(1,(I4-J4)/365),"") -> 0 | M4: =IFERROR((F4-G4)/MAX(K4,L4),"") | N4: =IF(M4="","",IF(M4<=4,5,IF(M4<=6,4,IF(M4<=8,3,IF(M4<=10,2,1))))) | O4: Input actual thickness and dates after baseline inspection.
A5: P2LBA11 BR501 | B5: Piping | C5: CL-SAGS-LBA-STEAM-CS-LG-T3_150C_PLUS | K5: =IFERROR((E5-F5)/MAX(1,(I5-J5)/365),"") -> 0 | L5: =IFERROR((H5-F5)/MAX(1,(I5-J5)/365),"") -> 0 | M5: =IFERROR((F5-G5)/MAX(K5,L5),"") | N5: =IF(M5="","",IF(M5<=4,5,IF(M5<=6,4,IF(M5<=8,3,IF(M5<=10,2,1))))) | O5: Input actual thickness and dates after baseline inspection.
A6: P2LBA11 BR011 | B6: Piping | C6: CL-SAGS-LBA-STEAM-CS-LG-T3_150C_PLUS | K6: =IFERROR((E6-F6)/MAX(1,(I6-J6)/365),"") -> 0 | L6: =IFERROR((H6-F6)/MAX(1,(I6-J6)/365),"") -> 0 | M6: =IFERROR((F6-G6)/MAX(K6,L6),"") | N6: =IF(M6="","",IF(M6<=4,5,IF(M6<=6,4,IF(M6<=8,3,IF(M6<=10,2,1))))) | O6: Input actual thickness and dates after baseline inspection.
A7: P2LBA11 BR003 | B7: Piping | C7: CL-SAGS-LBA-STEAM-CS-LG-T3_150C_PLUS | K7: =IFERROR((E7-F7)/MAX(1,(I7-J7)/365),"") -> 0 | L7: =IFERROR((H7-F7)/MAX(1,(I7-J7)/365),"") -> 0 | M7: =IFERROR((F7-G7)/MAX(K7,L7),"") | N7: =IF(M7="","",IF(M7<=4,5,IF(M7<=6,4,IF(M7<=8,3,IF(M7<=10,2,1))))) | O7: Input actual thickness and dates after baseline inspection.
A8: P2LBA11 BR010 | B8: Piping | C8: CL-SAGS-LBA-STEAM-CS-LG-T3_150C_PLUS | K8: =IFERROR((E8-F8)/MAX(1,(I8-J8)/365),"") -> 0 | L8: =IFERROR((H8-F8)/MAX(1,(I8-J8)/365),"") -> 0 | M8: =IFERROR((F8-G8)/MAX(K8,L8),"") | N8: =IF(M8="","",IF(M8<=4,5,IF(M8<=6,4,IF(M8<=8,3,IF(M8<=10,2,1))))) | O8: Input actual thickness and dates after baseline inspection.
A9: P2LBA11 BR301 | B9: Piping | C9: CL-SAGS-LBA-STEAM-CS-LG-T3_150C_PLUS | K9: =IFERROR((E9-F9)/MAX(1,(I9-J9)/365),"") -> 0 | L9: =IFERROR((H9-F9)/MAX(1,(I9-J9)/365),"") -> 0 | M9: =IFERROR((F9-G9)/MAX(K9,L9),"") | N9: =IF(M9="","",IF(M9<=4,5,IF(M9<=6,4,IF(M9<=8,3,IF(M9<=10,2,1))))) | O9: Input actual thickness and dates after baseline inspection.
A10: P2LBA12 BR001 | B10: Piping | C10: CL-SAGS-LBA-STEAM-CS-V-T3_150C_PLUS | K10: =IFERROR((E10-F10)/MAX(1,(I10-J10)/365),"") -> 0 | L10: =IFERROR((H10-F10)/MAX(1,(I10-J10)/365),"") -> 0 | M10: =IFERROR((F10-G10)/MAX(K10,L10),"") | N10: =IF(M10="","",IF(M10<=4,5,IF(M10<=6,4,IF(M10<=8,3,IF(M10<=10,2,1))))) | O10: Input actual thickness and dates after baseline inspection.
A11: P2LBA12 BR501 | B11: Piping | C11: CL-SAGS-LBA-STEAM-CS-V-T3_150C_PLUS | K11: =IFERROR((E11-F11)/MAX(1,(I11-J11)/365),"") -> 0 | L11: =IFERROR((H11-F11)/MAX(1,(I11-J11)/365),"") -> 0 | M11: =IFERROR((F11-G11)/MAX(K11,L11),"") | N11: =IF(M11="","",IF(M11<=4,5,IF(M11<=6,4,IF(M11<=8,3,IF(M11<=10,2,1))))) | O11: Input actual thickness and dates after baseline inspection.
A12: P2LBA12 BR011 | B12: Piping | C12: CL-SAGS-LBA-STEAM-CS-V-T3_150C_PLUS | K12: =IFERROR((E12-F12)/MAX(1,(I12-J12)/365),"") -> 0 | L12: =IFERROR((H12-F12)/MAX(1,(I12-J12)/365),"") -> 0 | M12: =IFERROR((F12-G12)/MAX(K12,L12),"") | N12: =IF(M12="","",IF(M12<=4,5,IF(M12<=6,4,IF(M12<=8,3,IF(M12<=10,2,1))))) | O12: Input actual thickness and dates after baseline inspection.
A13: P2LBA12 BR003 | B13: Piping | C13: CL-SAGS-LBA-STEAM-CS-V-T3_150C_PLUS | K13: =IFERROR((E13-F13)/MAX(1,(I13-J13)/365),"") -> 0 | L13: =IFERROR((H13-F13)/MAX(1,(I13-J13)/365),"") -> 0 | M13: =IFERROR((F13-G13)/MAX(K13,L13),"") | N13: =IF(M13="","",IF(M13<=4,5,IF(M13<=6,4,IF(M13<=8,3,IF(M13<=10,2,1))))) | O13: Input actual thickness and dates after baseline inspection.
A14: P2LBA12 BR010 | B14: Piping | C14: CL-SAGS-LBA-STEAM-CS-V-T3_150C_PLUS | K14: =IFERROR((E14-F14)/MAX(1,(I14-J14)/365),"") -> 0 | L14: =IFERROR((H14-F14)/MAX(1,(I14-J14)/365),"") -> 0 | M14: =IFERROR((F14-G14)/MAX(K14,L14),"") | N14: =IF(M14="","",IF(M14<=4,5,IF(M14<=6,4,IF(M14<=8,3,IF(M14<=10,2,1))))) | O14: Input actual thickness and dates after baseline inspection.
A15: P2LBA12 BR301 | B15: Piping | C15: CL-SAGS-LBA-STEAM-CS-V-T3_150C_PLUS | K15: =IFERROR((E15-F15)/MAX(1,(I15-J15)/365),"") -> 0 | L15: =IFERROR((H15-F15)/MAX(1,(I15-J15)/365),"") -> 0 | M15: =IFERROR((F15-G15)/MAX(K15,L15),"") | N15: =IF(M15="","",IF(M15<=4,5,IF(M15<=6,4,IF(M15<=8,3,IF(M15<=10,2,1))))) | O15: Input actual thickness and dates after baseline inspection.
... A253: P2LCA01 BR013 | B253: Piping | C253: CL-BOPUT-LCA-CONDENSATE-CS-L-T1_BELOW_80C | K253: =IFERROR((E253-F253)/MAX(1,(I253-J253)/365),"") -> 0 | L253: =IFERROR((H253-F253)/MAX(1,(I253-J253)/365),"") -> 0 | M253: =IFERROR((F253-G253)/MAX(K253,L253),"") | N253: =IF(M253="","",IF(M253<=4,5,IF(M253<=6,4,IF(M253<=8,3,IF(M253<=10,2,1))))) | O253: Input actual thickness and dates after baseline inspection.

Sheet 11_ACTION_TRACKER
A1: 11 Action Tracker / Data Gap Register
A3: No | B3: Action | C3: Owner | D3: Priority | E3: Status
A4: 1 | B4: Validate auto-generated corrosion loops against P&ID and process narrative | C4: RBI / Process / Corrosion Engineer | D4: High | E4: Open
A5: 2 | B5: Confirm whether <2 inch piping is excluded or retained as small-bore critical piping | C5: Owner + RBI Team | D5: High | E5: Open
A6: 3 | B6: Confirm treatment of FRP/HDPE/non-metallic piping in RBI scope | C6: Owner + RBI Team | D6: High | E6: Open
A7: 4 | B7: Confirm GDE risk matrix and confidence-level interval table in current approved procedure | C7: RBI Team | D7: High | E7: Open
A8: 5 | B8: Define baseline UT/TML plan for metallic C1/C2 circuits | C8: Inspection Engineer | D8: High | E8: Open
A9: 6 | B9: Collect chemistry data: CO2, H2S, pH, chloride, O2, TDS | C9: Process / Lab | D9: Medium | E9: Open

Sheet 12_MODEL_GUIDE
A1: 12 Model Guide and Limitations
A3: Purpose | B3: This workbook converts uploaded Patuha Unit-2 line list and equipment list into a GE-style RBI/APM workflow in Excel.
A4: Important limitation | B4: This is a preliminary semi-quantitative model. It is not GE software and is not a final API 581 quantitative calculation.
A5: Input basis | B5: Line and equipment data are parsed from uploaded PDF lists; OCR/layout extraction can require manual validation.
A6: RBI approach | B6: Piping is grouped by corrosion loop; equipment is grouped by equipment/component model.
A7: ECA role | B7: ECA acts as the RBI scope gate: C1 full RBI, C2 simplified/selective RBI, C3 routine/non-assessed unless owner requires.
A8: L3 upgrade | B8: Use the L3 sheet when baseline thickness, previous thickness, minimum required thickness, and inspection dates are available.

Sheet 13_SUMMARIES
A1: 13 Summaries
A3: ECA Category | B3: Asset Count | C3: RBI Treatment
A4: C1 | B4: 149 | C4: Full RBI
A5: C2 | B5: 94 | C5: Simplified/Selective RBI
A6: C3 | B6: 170 | C6: Routine / Non-assessed unless required
A10: Risk Level | B10: Asset Count
A11: Extreme High | B11: 23
A12: High | B12: 261
A13: Medium | B13: 70
A14: Low | B14: 59
A17: System | B17: Asset Count
A18: SAGS | B18: 105
A19: BOP/Utility | B19: 230
A20: Power Block | B20: 65
A21: Power Plant | B21: 7
A22: Equipment | B22: 6

Sheet 97_CONTROL_LISTS
A1: Asset Type | B1: System | C1: Process Code | D1: Fluid/Service | E1: Phase | F1: Material | G1: YES/NO | H1: Risk Level
A2: Piping | B2: SAGS | C2: LBA | D2: Steam | E2: V | F2: CS | G2: YES | H2: Low
A3: Equipment | B3: Power Block | C3: LBB | D3: NCG | E3: L | F3: SS316L | G3: NO | H3: Medium
A4: Component | B4: BOP/Utility | C4: LBG | D4: Condensate | E4: LG | F4: SS304L | H4: High
B5: Equipment | C5: LCA | D5: Condensate Steam | F5: FRP | H5: Extreme High
B6: Fire Water | C6: LCL | D6: Cooling Water | F6: HDPE
B7: Cooling Water | C7: LCT | D7: Air | F7: CS/GALV
B8: Chemical Injection | C8: MAC | D8: Vent | F8: Concrete
B9: Instrument Air | C9: MAG | D9: Gland Steam | F9: A-8
C10: MAJ | D10: Seal Water | F10: Other
C11: MAW | D11: Spray Water | F11: API5L GR.B
C12: PAB | D12: Steam Wash | F12: Carbon Steel
C13: PAC | D13: Chemical
C14: PAD | D14: Fuel Oil
C15: PAE | D15: Lube Oil
C16: PCB | D16: Fire Water
C17: PCC | D17: Instrument Air
C18: QEA | D18: Utility Air
C19: QEB
C20: QCB
C21: QCH
C22: SGA
C23: GMC
C24: LBF
C25: LBJ
C26: LBA10
C27: LBA13
C28: LBA14
C29: LBA20
C30: LBA21
... C34: LBA27

Sheet 98_MACRO_SETUP_GUIDE
A1: VBA Setup Guide — Mini APM Control Panel
A3: Step 1 | B3: Save this workbook as Excel Macro-Enabled Workbook (*.xlsm).
A4: Step 2 | B4: Open VBA editor using Alt + F11.
A5: Step 3 | B5: File → Import File → select Patuha_RBI_Mini_APM_Smart_Macros.bas.
A6: Step 4 | B6: Return to Excel. Right-click green ADD ASSET area → Assign Macro → AddAssetToDatabase.
A7: Step 5 | B7: Right-click orange CLEAR FORM area → Assign Macro → ClearInputForm.
A8: Step 6 | B8: Enable Content when reopening the .xlsm file.
A9: Important | B9: The workbook is delivered as .xlsx because macros cannot be embedded safely through this environment. VBA is provided separately as a .bas file.
A11: L3 Update | B11: The updated VBA macro can also append L3 thickness fields into 10_L3_UPGRADE_INPUT when the L3 input section is completed.
A13: Login System | B13: Save as .xlsm, import Patuha_RBI_Login_System_Macros.bas, assign LoginSystem to LOGIN button and ClearLoginForm to CLEAR button on 00_COVER_LOGIN.
A15: Full Software Login UI | B15: Username input cell: H13. Password input cell: H15. Status cell: G21. Assign LoginSystem to LOGIN and ClearLoginForm to CLEAR.
A20: Safe Input Commands | B20: Assign macros to Action Panel buttons:
A21: SEARCH / LOAD | B21: SearchLoadAsset
... A26: Change Log | B26: 21_CHANGE_LOG records ADD/UPDATE events.

Sheet 99_VBA_CODE_IMPORT
A1: Copy/import the separate .bas file. Full VBA code is included there.

Sheet 15_RISK_MATRIX_LINK_DATA
A1: Risk Matrix Link Data — linked from 08_GDE_RISK_ENGINE
A2: Use this sheet as the linked data source for current risk, plan date without inspection, and plan date with inspection.
A3: Asset Tag | B3: Asset Type | C3: System | D3: Corrosion Loop ID | E3: Current PoF | F3: Current CoF | G3: Current Risk | H3: PoF at Plan Date w/o Inspection | I3: PoF at Plan Date with Inspection | J3: Plan Risk w/o Inspection | K3: Plan Risk with Inspection
A4: ='08_GDE_RISK_ENGINE'!A4 -> P2LBA11 BR001 | B4: ='08_GDE_RISK_ENGINE'!B4 -> Piping | C4: ='08_GDE_RISK_ENGINE'!C4 -> SAGS | D4: ='08_GDE_RISK_ENGINE'!D4 -> CL-SAGS-LBA-STEAM-CS-LG-T3_150C_PLUS | E4: ='08_GDE_RISK_ENGINE'!E4 -> 4 | F4: ='08_GDE_RISK_ENGINE'!F4 -> 5 | G4: ='08_GDE_RISK_ENGINE'!G4 -> Extreme High | H4: =IF(A4="","",MIN(5,E4+'14_GDE_RISK_MATRIX_DASHBOARD'!$C$6)) -> 5 | I4: =IF(A4="","",MAX(1,E4-'14_GDE_RISK_MATRIX_DASHBOARD'!$C$7)) -> 3 | J4: =IF(A4="","",IF(OR(AND(H4>=4,F4>=4),AND(H4=5,F4>=3)),"Extreme High",IF(OR(AND(H4>=3,F4>=3),AND(F4=5,H4>=2)),"High",IF(OR(H4>=2,F4>=2),"Medium","Low")))) -> Extreme High | K4: =IF(A4="","",IF(OR(AND(I4>=4,F4>=4),AND(I4=5,F4>=3)),"Extreme High",IF(OR(AND(I4>=3,F4>=3),AND(F4=5,I4>=2)),"High",IF(OR(I4>=2,F4>=2),"Medium","Low")))) -> High
A5: ='08_GDE_RISK_ENGINE'!A5 -> P2LBA11 BR501 | B5: ='08_GDE_RISK_ENGINE'!B5 -> Piping | C5: ='08_GDE_RISK_ENGINE'!C5 -> SAGS | D5: ='08_GDE_RISK_ENGINE'!D5 -> CL-SAGS-LBA-STEAM-CS-LG-T3_150C_PLUS | E5: ='08_GDE_RISK_ENGINE'!E5 -> 4 | F5: ='08_GDE_RISK_ENGINE'!F5 -> 5 | G5: ='08_GDE_RISK_ENGINE'!G5 -> Extreme High | H5: =IF(A5="","",MIN(5,E5+'14_GDE_RISK_MATRIX_DASHBOARD'!$C$6)) -> 5 | I5: =IF(A5="","",MAX(1,E5-'14_GDE_RISK_MATRIX_DASHBOARD'!$C$7)) -> 3 | J5: =IF(A5="","",IF(OR(AND(H5>=4,F5>=4),AND(H5=5,F5>=3)),"Extreme High",IF(OR(AND(H5>=3,F5>=3),AND(F5=5,H5>=2)),"High",IF(OR(H5>=2,F5>=2),"Medium","Low")))) -> Extreme High | K5: =IF(A5="","",IF(OR(AND(I5>=4,F5>=4),AND(I5=5,F5>=3)),"Extreme High",IF(OR(AND(I5>=3,F5>=3),AND(F5=5,I5>=2)),"High",IF(OR(I5>=2,F5>=2),"Medium","Low")))) -> High
A6: ='08_GDE_RISK_ENGINE'!A6 -> P2LBA11 BR011 | B6: ='08_GDE_RISK_ENGINE'!B6 -> Piping | C6: ='08_GDE_RISK_ENGINE'!C6 -> SAGS | D6: ='08_GDE_RISK_ENGINE'!D6 -> CL-SAGS-LBA-STEAM-CS-LG-T3_150C_PLUS | E6: ='08_GDE_RISK_ENGINE'!E6 -> 4 | F6: ='08_GDE_RISK_ENGINE'!F6 -> 5 | G6: ='08_GDE_RISK_ENGINE'!G6 -> Extreme High | H6: =IF(A6="","",MIN(5,E6+'14_GDE_RISK_MATRIX_DASHBOARD'!$C$6)) -> 5 | I6: =IF(A6="","",MAX(1,E6-'14_GDE_RISK_MATRIX_DASHBOARD'!$C$7)) -> 3 | J6: =IF(A6="","",IF(OR(AND(H6>=4,F6>=4),AND(H6=5,F6>=3)),"Extreme High",IF(OR(AND(H6>=3,F6>=3),AND(F6=5,H6>=2)),"High",IF(OR(H6>=2,F6>=2),"Medium","Low")))) -> Extreme High | K6: =IF(A6="","",IF(OR(AND(I6>=4,F6>=4),AND(I6=5,F6>=3)),"Extreme High",IF(OR(AND(I6>=3,F6>=3),AND(F6=5,I6>=2)),"High",IF(OR(I6>=2,F6>=2),"Medium","Low")))) -> High
A7: ='08_GDE_RISK_ENGINE'!A7 -> P2LBA11 BR003 | B7: ='08_GDE_RISK_ENGINE'!B7 -> Piping | C7: ='08_GDE_RISK_ENGINE'!C7 -> SAGS | D7: ='08_GDE_RISK_ENGINE'!D7 -> CL-SAGS-LBA-STEAM-CS-LG-T3_150C_PLUS | E7: ='08_GDE_RISK_ENGINE'!E7 -> 4 | F7: ='08_GDE_RISK_ENGINE'!F7 -> 5 | G7: ='08_GDE_RISK_ENGINE'!G7 -> Extreme High | H7: =IF(A7="","",MIN(5,E7+'14_GDE_RISK_MATRIX_DASHBOARD'!$C$6)) -> 5 | I7: =IF(A7="","",MAX(1,E7-'14_GDE_RISK_MATRIX_DASHBOARD'!$C$7)) -> 3 | J7: =IF(A7="","",IF(OR(AND(H7>=4,F7>=4),AND(H7=5,F7>=3)),"Extreme High",IF(OR(AND(H7>=3,F7>=3),AND(F7=5,H7>=2)),"High",IF(OR(H7>=2,F7>=2),"Medium","Low")))) -> Extreme High | K7: =IF(A7="","",IF(OR(AND(I7>=4,F7>=4),AND(I7=5,F7>=3)),"Extreme High",IF(OR(AND(I7>=3,F7>=3),AND(F7=5,I7>=2)),"High",IF(OR(I7>=2,F7>=2),"Medium","Low")))) -> High
A8: ='08_GDE_RISK_ENGINE'!A8 -> P2LBA11 BR010 | B8: ='08_GDE_RISK_ENGINE'!B8 -> Piping | C8: ='08_GDE_RISK_ENGINE'!C8 -> SAGS | D8: ='08_GDE_RISK_ENGINE'!D8 -> CL-SAGS-LBA-STEAM-CS-LG-T3_150C_PLUS | E8: ='08_GDE_RISK_ENGINE'!E8 -> 4 | F8: ='08_GDE_RISK_ENGINE'!F8 -> 5 | G8: ='08_GDE_RISK_ENGINE'!G8 -> Extreme High | H8: =IF(A8="","",MIN(5,E8+'14_GDE_RISK_MATRIX_DASHBOARD'!$C$6)) -> 5 | I8: =IF(A8="","",MAX(1,E8-'14_GDE_RISK_MATRIX_DASHBOARD'!$C$7)) -> 3 | J8: =IF(A8="","",IF(OR(AND(H8>=4,F8>=4),AND(H8=5,F8>=3)),"Extreme High",IF(OR(AND(H8>=3,F8>=3),AND(F8=5,H8>=2)),"High",IF(OR(H8>=2,F8>=2),"Medium","Low")))) -> Extreme High | K8: =IF(A8="","",IF(OR(AND(I8>=4,F8>=4),AND(I8=5,F8>=3)),"Extreme High",IF(OR(AND(I8>=3,F8>=3),AND(F8=5,I8>=2)),"High",IF(OR(I8>=2,F8>=2),"Medium","Low")))) -> High
A9: ='08_GDE_RISK_ENGINE'!A9 -> P2LBA11 BR301 | B9: ='08_GDE_RISK_ENGINE'!B9 -> Piping | C9: ='08_GDE_RISK_ENGINE'!C9 -> SAGS | D9: ='08_GDE_RISK_ENGINE'!D9 -> CL-SAGS-LBA-STEAM-CS-LG-T3_150C_PLUS | E9: ='08_GDE_RISK_ENGINE'!E9 -> 4 | F9: ='08_GDE_RISK_ENGINE'!F9 -> 5 | G9: ='08_GDE_RISK_ENGINE'!G9 -> Extreme High | H9: =IF(A9="","",MIN(5,E9+'14_GDE_RISK_MATRIX_DASHBOARD'!$C$6)) -> 5 | I9: =IF(A9="","",MAX(1,E9-'14_GDE_RISK_MATRIX_DASHBOARD'!$C$7)) -> 3 | J9: =IF(A9="","",IF(OR(AND(H9>=4,F9>=4),AND(H9=5,F9>=3)),"Extreme High",IF(OR(AND(H9>=3,F9>=3),AND(F9=5,H9>=2)),"High",IF(OR(H9>=2,F9>=2),"Medium","Low")))) -> Extreme High | K9: =IF(A9="","",IF(OR(AND(I9>=4,F9>=4),AND(I9=5,F9>=3)),"Extreme High",IF(OR(AND(I9>=3,F9>=3),AND(F9=5,I9>=2)),"High",IF(OR(I9>=2,F9>=2),"Medium","Low")))) -> High
A10: ='08_GDE_RISK_ENGINE'!A10 -> P2LBA12 BR001 | B10: ='08_GDE_RISK_ENGINE'!B10 -> Piping | C10: ='08_GDE_RISK_ENGINE'!C10 -> SAGS | D10: ='08_GDE_RISK_ENGINE'!D10 -> CL-SAGS-LBA-STEAM-CS-V-T3_150C_PLUS | E10: ='08_GDE_RISK_ENGINE'!E10 -> 2 | F10: ='08_GDE_RISK_ENGINE'!F10 -> 5 | G10: ='08_GDE_RISK_ENGINE'!G10 -> High | H10: =IF(A10="","",MIN(5,E10+'14_GDE_RISK_MATRIX_DASHBOARD'!$C$6)) -> 3 | I10: =IF(A10="","",MAX(1,E10-'14_GDE_RISK_MATRIX_DASHBOARD'!$C$7)) -> 1 | J10: =IF(A10="","",IF(OR(AND(H10>=4,F10>=4),AND(H10=5,F10>=3)),"Extreme High",IF(OR(AND(H10>=3,F10>=3),AND(F10=5,H10>=2)),"High",IF(OR(H10>=2,F10>=2),"Medium","Low")))) -> High | K10: =IF(A10="","",IF(OR(AND(I10>=4,F10>=4),AND(I10=5,F10>=3)),"Extreme High",IF(OR(AND(I10>=3,F10>=3),AND(F10=5,I10>=2)),"High",IF(OR(I10>=2,F10>=2),"Medium","Low")))) -> Medium
A11: ='08_GDE_RISK_ENGINE'!A11 -> P2LBA12 BR501 | B11: ='08_GDE_RISK_ENGINE'!B11 -> Piping | C11: ='08_GDE_RISK_ENGINE'!C11 -> SAGS | D11: ='08_GDE_RISK_ENGINE'!D11 -> CL-SAGS-LBA-STEAM-CS-V-T3_150C_PLUS | E11: ='08_GDE_RISK_ENGINE'!E11 -> 2 | F11: ='08_GDE_RISK_ENGINE'!F11 -> 5 | G11: ='08_GDE_RISK_ENGINE'!G11 -> High | H11: =IF(A11="","",MIN(5,E11+'14_GDE_RISK_MATRIX_DASHBOARD'!$C$6)) -> 3 | I11: =IF(A11="","",MAX(1,E11-'14_GDE_RISK_MATRIX_DASHBOARD'!$C$7)) -> 1 | J11: =IF(A11="","",IF(OR(AND(H11>=4,F11>=4),AND(H11=5,F11>=3)),"Extreme High",IF(OR(AND(H11>=3,F11>=3),AND(F11=5,H11>=2)),"High",IF(OR(H11>=2,F11>=2),"Medium","Low")))) -> High | K11: =IF(A11="","",IF(OR(AND(I11>=4,F11>=4),AND(I11=5,F11>=3)),"Extreme High",IF(OR(AND(I11>=3,F11>=3),AND(F11=5,I11>=2)),"High",IF(OR(I11>=2,F11>=2),"Medium","Low")))) -> Medium
A12: ='08_GDE_RISK_ENGINE'!A12 -> P2LBA12 BR011 | B12: ='08_GDE_RISK_ENGINE'!B12 -> Piping | C12: ='08_GDE_RISK_ENGINE'!C12 -> SAGS | D12: ='08_GDE_RISK_ENGINE'!D12 -> CL-SAGS-LBA-STEAM-CS-V-T3_150C_PLUS | E12: ='08_GDE_RISK_ENGINE'!E12 -> 2 | F12: ='08_GDE_RISK_ENGINE'!F12 -> 5 | G12: ='08_GDE_RISK_ENGINE'!G12 -> High | H12: =IF(A12="","",MIN(5,E12+'14_GDE_RISK_MATRIX_DASHBOARD'!$C$6)) -> 3 | I12: =IF(A12="","",MAX(1,E12-'14_GDE_RISK_MATRIX_DASHBOARD'!$C$7)) -> 1 | J12: =IF(A12="","",IF(OR(AND(H12>=4,F12>=4),AND(H12=5,F12>=3)),"Extreme High",IF(OR(AND(H12>=3,F12>=3),AND(F12=5,H12>=2)),"High",IF(OR(H12>=2,F12>=2),"Medium","Low")))) -> High | K12: =IF(A12="","",IF(OR(AND(I12>=4,F12>=4),AND(I12=5,F12>=3)),"Extreme High",IF(OR(AND(I12>=3,F12>=3),AND(F12=5,I12>=2)),"High",IF(OR(I12>=2,F12>=2),"Medium","Low")))) -> Medium
A13: ='08_GDE_RISK_ENGINE'!A13 -> P2LBA12 BR003 | B13: ='08_GDE_RISK_ENGINE'!B13 -> Piping | C13: ='08_GDE_RISK_ENGINE'!C13 -> SAGS | D13: ='08_GDE_RISK_ENGINE'!D13 -> CL-SAGS-LBA-STEAM-CS-V-T3_150C_PLUS | E13: ='08_GDE_RISK_ENGINE'!E13 -> 2 | F13: ='08_GDE_RISK_ENGINE'!F13 -> 5 | G13: ='08_GDE_RISK_ENGINE'!G13 -> High | H13: =IF(A13="","",MIN(5,E13+'14_GDE_RISK_MATRIX_DASHBOARD'!$C$6)) -> 3 | I13: =IF(A13="","",MAX(1,E13-'14_GDE_RISK_MATRIX_DASHBOARD'!$C$7)) -> 1 | J13: =IF(A13="","",IF(OR(AND(H13>=4,F13>=4),AND(H13=5,F13>=3)),"Extreme High",IF(OR(AND(H13>=3,F13>=3),AND(F13=5,H13>=2)),"High",IF(OR(H13>=2,F13>=2),"Medium","Low")))) -> High | K13: =IF(A13="","",IF(OR(AND(I13>=4,F13>=4),AND(I13=5,F13>=3)),"Extreme High",IF(OR(AND(I13>=3,F13>=3),AND(F13=5,I13>=2)),"High",IF(OR(I13>=2,F13>=2),"Medium","Low")))) -> Medium
A14: ='08_GDE_RISK_ENGINE'!A14 -> P2LBA12 BR010 | B14: ='08_GDE_RISK_ENGINE'!B14 -> Piping | C14: ='08_GDE_RISK_ENGINE'!C14 -> SAGS | D14: ='08_GDE_RISK_ENGINE'!D14 -> CL-SAGS-LBA-STEAM-CS-V-T3_150C_PLUS | E14: ='08_GDE_RISK_ENGINE'!E14 -> 2 | F14: ='08_GDE_RISK_ENGINE'!F14 -> 5 | G14: ='08_GDE_RISK_ENGINE'!G14 -> High | H14: =IF(A14="","",MIN(5,E14+'14_GDE_RISK_MATRIX_DASHBOARD'!$C$6)) -> 3 | I14: =IF(A14="","",MAX(1,E14-'14_GDE_RISK_MATRIX_DASHBOARD'!$C$7)) -> 1 | J14: =IF(A14="","",IF(OR(AND(H14>=4,F14>=4),AND(H14=5,F14>=3)),"Extreme High",IF(OR(AND(H14>=3,F14>=3),AND(F14=5,H14>=2)),"High",IF(OR(H14>=2,F14>=2),"Medium","Low")))) -> High | K14: =IF(A14="","",IF(OR(AND(I14>=4,F14>=4),AND(I14=5,F14>=3)),"Extreme High",IF(OR(AND(I14>=3,F14>=3),AND(F14=5,I14>=2)),"High",IF(OR(I14>=2,F14>=2),"Medium","Low")))) -> Medium
A15: ='08_GDE_RISK_ENGINE'!A15 -> P2LBA12 BR301 | B15: ='08_GDE_RISK_ENGINE'!B15 -> Piping | C15: ='08_GDE_RISK_ENGINE'!C15 -> SAGS | D15: ='08_GDE_RISK_ENGINE'!D15 -> CL-SAGS-LBA-STEAM-CS-V-T3_150C_PLUS | E15: ='08_GDE_RISK_ENGINE'!E15 -> 2 | F15: ='08_GDE_RISK_ENGINE'!F15 -> 5 | G15: ='08_GDE_RISK_ENGINE'!G15 -> High | H15: =IF(A15="","",MIN(5,E15+'14_GDE_RISK_MATRIX_DASHBOARD'!$C$6)) -> 3 | I15: =IF(A15="","",MAX(1,E15-'14_GDE_RISK_MATRIX_DASHBOARD'!$C$7)) -> 1 | J15: =IF(A15="","",IF(OR(AND(H15>=4,F15>=4),AND(H15=5,F15>=3)),"Extreme High",IF(OR(AND(H15>=3,F15>=3),AND(F15=5,H15>=2)),"High",IF(OR(H15>=2,F15>=2),"Medium","Low")))) -> High | K15: =IF(A15="","",IF(OR(AND(I15>=4,F15>=4),AND(I15=5,F15>=3)),"Extreme High",IF(OR(AND(I15>=3,F15>=3),AND(F15=5,I15>=2)),"High",IF(OR(I15>=2,F15>=2),"Medium","Low")))) -> Medium
... A416: ='08_GDE_RISK_ENGINE'!A416 -> PTH2SGA15 BB001 | B416: ='08_GDE_RISK_ENGINE'!B416 -> Equipment | C416: ='08_GDE_RISK_ENGINE'!C416 -> Equipment | D416: ='08_GDE_RISK_ENGINE'!D416 -> EQ-EQUIP-SGA-STATICEQUIPMENT | E416: ='08_GDE_RISK_ENGINE'!E416 -> 3 | F416: ='08_GDE_RISK_ENGINE'!F416 -> 2 | G416: ='08_GDE_RISK_ENGINE'!G416 -> High | H416: =IF(A416="","",MIN(5,E416+'14_GDE_RISK_MATRIX_DASHBOARD'!$C$6)) -> 4 | I416: =IF(A416="","",MAX(1,E416-'14_GDE_RISK_MATRIX_DASHBOARD'!$C$7)) -> 2 | J416: =IF(A416="","",IF(OR(AND(H416>=4,F416>=4),AND(H416=5,F416>=3)),"Extreme High",IF(OR(AND(H416>=3,F416>=3),AND(F416=5,H416>=2)),"High",IF(OR(H416>=2,F416>=2),"Medium","Low")))) -> Medium | K416: =IF(A416="","",IF(OR(AND(I416>=4,F416>=4),AND(I416=5,F416>=3)),"Extreme High",IF(OR(AND(I416>=3,F416>=3),AND(F416=5,I416>=2)),"High",IF(OR(I416>=2,F416>=2),"Medium","Low")))) -> Medium

Sheet 14_GDE_RISK_MATRIX_DASHBOARD
A1: GDE Risk Matrix Dashboard — Linked RBI Distribution
A2: Reference basis follows GDE-style PoF × CoF risk matrix logic. Counts are linked to 08_GDE_RISK_ENGINE via 15_RISK_MATRIX_LINK_DATA.
M3: User Guide
A4: Plan Assumptions | E4: Risk Matrix at RBI Date | N4: Risk Matrix at Plan Date w/o Inspection
A5: RBI Date | C5: Current | E5: Likelihood | G5: Consequence Category | N5: Likelihood | P5: Consequence Category
A6: No Inspection PoF Increase | C6: 1 | E6: Category | G6: A | H6: B | I6: C | J6: D | K6: E | N6: Category | P6: A | Q6: B | R6: C | S6: D | T6: E
A7: With Inspection PoF Reduction | C7: 1 | F7: 5 | G7: =COUNTIFS('15_RISK_MATRIX_LINK_DATA'!$E:$E,5,'15_RISK_MATRIX_LINK_DATA'!$F:$F,1) -> 0 | H7: =COUNTIFS('15_RISK_MATRIX_LINK_DATA'!$E:$E,5,'15_RISK_MATRIX_LINK_DATA'!$F:$F,2) -> 0 | I7: =COUNTIFS('15_RISK_MATRIX_LINK_DATA'!$E:$E,5,'15_RISK_MATRIX_LINK_DATA'!$F:$F,3) -> 0 | J7: =COUNTIFS('15_RISK_MATRIX_LINK_DATA'!$E:$E,5,'15_RISK_MATRIX_LINK_DATA'!$F:$F,4) -> 0 | K7: =COUNTIFS('15_RISK_MATRIX_LINK_DATA'!$E:$E,5,'15_RISK_MATRIX_LINK_DATA'!$F:$F,5) -> 0 | O7: 5 | P7: =COUNTIFS('15_RISK_MATRIX_LINK_DATA'!$H:$H,5,'15_RISK_MATRIX_LINK_DATA'!$F:$F,1) -> 0 | Q7: =COUNTIFS('15_RISK_MATRIX_LINK_DATA'!$H:$H,5,'15_RISK_MATRIX_LINK_DATA'!$F:$F,2) -> 27 | R7: =COUNTIFS('15_RISK_MATRIX_LINK_DATA'!$H:$H,5,'15_RISK_MATRIX_LINK_DATA'!$F:$F,3) -> 0 | S7: =COUNTIFS('15_RISK_MATRIX_LINK_DATA'!$H:$H,5,'15_RISK_MATRIX_LINK_DATA'!$F:$F,4) -> 3 | T7: =COUNTIFS('15_RISK_MATRIX_LINK_DATA'!$H:$H,5,'15_RISK_MATRIX_LINK_DATA'!$F:$F,5) -> 17
A8: Confidence Level | C8: 4 | F8: 4 | G8: =COUNTIFS('15_RISK_MATRIX_LINK_DATA'!$E:$E,4,'15_RISK_MATRIX_LINK_DATA'!$F:$F,1) -> 0 | H8: =COUNTIFS('15_RISK_MATRIX_LINK_DATA'!$E:$E,4,'15_RISK_MATRIX_LINK_DATA'!$F:$F,2) -> 27 | I8: =COUNTIFS('15_RISK_MATRIX_LINK_DATA'!$E:$E,4,'15_RISK_MATRIX_LINK_DATA'!$F:$F,3) -> 0 | J8: =COUNTIFS('15_RISK_MATRIX_LINK_DATA'!$E:$E,4,'15_RISK_MATRIX_LINK_DATA'!$F:$F,4) -> 3 | K8: =COUNTIFS('15_RISK_MATRIX_LINK_DATA'!$E:$E,4,'15_RISK_MATRIX_LINK_DATA'!$F:$F,5) -> 17 | O8: 4 | P8: =COUNTIFS('15_RISK_MATRIX_LINK_DATA'!$H:$H,4,'15_RISK_MATRIX_LINK_DATA'!$F:$F,1) -> 0 | Q8: =COUNTIFS('15_RISK_MATRIX_LINK_DATA'!$H:$H,4,'15_RISK_MATRIX_LINK_DATA'!$F:$F,2) -> 19 | R8: =COUNTIFS('15_RISK_MATRIX_LINK_DATA'!$H:$H,4,'15_RISK_MATRIX_LINK_DATA'!$F:$F,3) -> 0 | S8: =COUNTIFS('15_RISK_MATRIX_LINK_DATA'!$H:$H,4,'15_RISK_MATRIX_LINK_DATA'!$F:$F,4) -> 11 | T8: =COUNTIFS('15_RISK_MATRIX_LINK_DATA'!$H:$H,4,'15_RISK_MATRIX_LINK_DATA'!$F:$F,5) -> 3
F9: 3 | G9: =COUNTIFS('15_RISK_MATRIX_LINK_DATA'!$E:$E,3,'15_RISK_MATRIX_LINK_DATA'!$F:$F,1) -> 0 | H9: =COUNTIFS('15_RISK_MATRIX_LINK_DATA'!$E:$E,3,'15_RISK_MATRIX_LINK_DATA'!$F:$F,2) -> 19 | I9: =COUNTIFS('15_RISK_MATRIX_LINK_DATA'!$E:$E,3,'15_RISK_MATRIX_LINK_DATA'!$F:$F,3) -> 0 | J9: =COUNTIFS('15_RISK_MATRIX_LINK_DATA'!$E:$E,3,'15_RISK_MATRIX_LINK_DATA'!$F:$F,4) -> 11 | K9: =COUNTIFS('15_RISK_MATRIX_LINK_DATA'!$E:$E,3,'15_RISK_MATRIX_LINK_DATA'!$F:$F,5) -> 3 | O9: 3 | P9: =COUNTIFS('15_RISK_MATRIX_LINK_DATA'!$H:$H,3,'15_RISK_MATRIX_LINK_DATA'!$F:$F,1) -> 0 | Q9: =COUNTIFS('15_RISK_MATRIX_LINK_DATA'!$H:$H,3,'15_RISK_MATRIX_LINK_DATA'!$F:$F,2) -> 67 | R9: =COUNTIFS('15_RISK_MATRIX_LINK_DATA'!$H:$H,3,'15_RISK_MATRIX_LINK_DATA'!$F:$F,3) -> 92 | S9: =COUNTIFS('15_RISK_MATRIX_LINK_DATA'!$H:$H,3,'15_RISK_MATRIX_LINK_DATA'!$F:$F,4) -> 57 | T9: =COUNTIFS('15_RISK_MATRIX_LINK_DATA'!$H:$H,3,'15_RISK_MATRIX_LINK_DATA'!$F:$F,5) -> 55
F10: 2 | G10: =COUNTIFS('15_RISK_MATRIX_LINK_DATA'!$E:$E,2,'15_RISK_MATRIX_LINK_DATA'!$F:$F,1) -> 0 | H10: =COUNTIFS('15_RISK_MATRIX_LINK_DATA'!$E:$E,2,'15_RISK_MATRIX_LINK_DATA'!$F:$F,2) -> 67 | I10: =COUNTIFS('15_RISK_MATRIX_LINK_DATA'!$E:$E,2,'15_RISK_MATRIX_LINK_DATA'!$F:$F,3) -> 92 | J10: =COUNTIFS('15_RISK_MATRIX_LINK_DATA'!$E:$E,2,'15_RISK_MATRIX_LINK_DATA'!$F:$F,4) -> 57 | K10: =COUNTIFS('15_RISK_MATRIX_LINK_DATA'!$E:$E,2,'15_RISK_MATRIX_LINK_DATA'!$F:$F,5) -> 55 | O10: 2 | P10: =COUNTIFS('15_RISK_MATRIX_LINK_DATA'!$H:$H,2,'15_RISK_MATRIX_LINK_DATA'!$F:$F,1) -> 0 | Q10: =COUNTIFS('15_RISK_MATRIX_LINK_DATA'!$H:$H,2,'15_RISK_MATRIX_LINK_DATA'!$F:$F,2) -> 57 | R10: =COUNTIFS('15_RISK_MATRIX_LINK_DATA'!$H:$H,2,'15_RISK_MATRIX_LINK_DATA'!$F:$F,3) -> 2 | S10: =COUNTIFS('15_RISK_MATRIX_LINK_DATA'!$H:$H,2,'15_RISK_MATRIX_LINK_DATA'!$F:$F,4) -> 3 | T10: =COUNTIFS('15_RISK_MATRIX_LINK_DATA'!$H:$H,2,'15_RISK_MATRIX_LINK_DATA'!$F:$F,5) -> 0
F11: 1 | G11: =COUNTIFS('15_RISK_MATRIX_LINK_DATA'!$E:$E,1,'15_RISK_MATRIX_LINK_DATA'!$F:$F,1) -> 0 | H11: =COUNTIFS('15_RISK_MATRIX_LINK_DATA'!$E:$E,1,'15_RISK_MATRIX_LINK_DATA'!$F:$F,2) -> 57 | I11: =COUNTIFS('15_RISK_MATRIX_LINK_DATA'!$E:$E,1,'15_RISK_MATRIX_LINK_DATA'!$F:$F,3) -> 2 | J11: =COUNTIFS('15_RISK_MATRIX_LINK_DATA'!$E:$E,1,'15_RISK_MATRIX_LINK_DATA'!$F:$F,4) -> 3 | K11: =COUNTIFS('15_RISK_MATRIX_LINK_DATA'!$E:$E,1,'15_RISK_MATRIX_LINK_DATA'!$F:$F,5) -> 0 | O11: 1 | P11: =COUNTIFS('15_RISK_MATRIX_LINK_DATA'!$H:$H,1,'15_RISK_MATRIX_LINK_DATA'!$F:$F,1) -> 0 | Q11: =COUNTIFS('15_RISK_MATRIX_LINK_DATA'!$H:$H,1,'15_RISK_MATRIX_LINK_DATA'!$F:$F,2) -> 0 | R11: =COUNTIFS('15_RISK_MATRIX_LINK_DATA'!$H:$H,1,'15_RISK_MATRIX_LINK_DATA'!$F:$F,3) -> 0 | S11: =COUNTIFS('15_RISK_MATRIX_LINK_DATA'!$H:$H,1,'15_RISK_MATRIX_LINK_DATA'!$F:$F,4) -> 0 | T11: =COUNTIFS('15_RISK_MATRIX_LINK_DATA'!$H:$H,1,'15_RISK_MATRIX_LINK_DATA'!$F:$F,5) -> 0
A12: Risk Summary
A13: Risk | B13: Current | C13: With Inspection | E13: Current Level-2 Risk Distribution | N13: Forward Risk if No Inspection Is Credited
A14: Extreme High | B14: =COUNTIF('15_RISK_MATRIX_LINK_DATA'!G:G,A14) -> 23 | C14: =COUNTIF('15_RISK_MATRIX_LINK_DATA'!K:K,A14) -> 0
A15: High | B15: =COUNTIF('15_RISK_MATRIX_LINK_DATA'!G:G,A15) -> 261 | C15: =COUNTIF('15_RISK_MATRIX_LINK_DATA'!K:K,A15) -> 23
A16: Medium | B16: =COUNTIF('15_RISK_MATRIX_LINK_DATA'!G:G,A16) -> 70 | C16: =COUNTIF('15_RISK_MATRIX_LINK_DATA'!K:K,A16) -> 390
A17: Low | B17: =COUNTIF('15_RISK_MATRIX_LINK_DATA'!G:G,A17) -> 59 | C17: =COUNTIF('15_RISK_MATRIX_LINK_DATA'!K:K,A17) -> 0
E18: Risk Matrix at Plan Date with Inspection | N18: GDE-Style Target Risk Matrix
E19: Likelihood | G19: Consequence Category | N19: Likelihood | P19: Consequence Category
E20: Category | G20: A | H20: B | I20: C | J20: D | K20: E | N20: Category | P20: A | Q20: B | R20: C | S20: D | T20: E
F21: 5 | G21: =COUNTIFS('15_RISK_MATRIX_LINK_DATA'!$I:$I,5,'15_RISK_MATRIX_LINK_DATA'!$F:$F,1) -> 0 | H21: =COUNTIFS('15_RISK_MATRIX_LINK_DATA'!$I:$I,5,'15_RISK_MATRIX_LINK_DATA'!$F:$F,2) -> 0 | I21: =COUNTIFS('15_RISK_MATRIX_LINK_DATA'!$I:$I,5,'15_RISK_MATRIX_LINK_DATA'!$F:$F,3) -> 0 | J21: =COUNTIFS('15_RISK_MATRIX_LINK_DATA'!$I:$I,5,'15_RISK_MATRIX_LINK_DATA'!$F:$F,4) -> 0 | K21: =COUNTIFS('15_RISK_MATRIX_LINK_DATA'!$I:$I,5,'15_RISK_MATRIX_LINK_DATA'!$F:$F,5) -> 0 | O21: 5 | P21: High | Q21: High | R21: High | S21: Extreme | T21: Extreme
F22: 4 | G22: =COUNTIFS('15_RISK_MATRIX_LINK_DATA'!$I:$I,4,'15_RISK_MATRIX_LINK_DATA'!$F:$F,1) -> 0 | H22: =COUNTIFS('15_RISK_MATRIX_LINK_DATA'!$I:$I,4,'15_RISK_MATRIX_LINK_DATA'!$F:$F,2) -> 0 | I22: =COUNTIFS('15_RISK_MATRIX_LINK_DATA'!$I:$I,4,'15_RISK_MATRIX_LINK_DATA'!$F:$F,3) -> 0 | J22: =COUNTIFS('15_RISK_MATRIX_LINK_DATA'!$I:$I,4,'15_RISK_MATRIX_LINK_DATA'!$F:$F,4) -> 0 | K22: =COUNTIFS('15_RISK_MATRIX_LINK_DATA'!$I:$I,4,'15_RISK_MATRIX_LINK_DATA'!$F:$F,5) -> 0 | O22: 4 | P22: Medium | Q22: Medium | R22: High | S22: High | T22: Extreme
F23: 3 | G23: =COUNTIFS('15_RISK_MATRIX_LINK_DATA'!$I:$I,3,'15_RISK_MATRIX_LINK_DATA'!$F:$F,1) -> 0 | H23: =COUNTIFS('15_RISK_MATRIX_LINK_DATA'!$I:$I,3,'15_RISK_MATRIX_LINK_DATA'!$F:$F,2) -> 27 | I23: =COUNTIFS('15_RISK_MATRIX_LINK_DATA'!$I:$I,3,'15_RISK_MATRIX_LINK_DATA'!$F:$F,3) -> 0 | J23: =COUNTIFS('15_RISK_MATRIX_LINK_DATA'!$I:$I,3,'15_RISK_MATRIX_LINK_DATA'!$F:$F,4) -> 3 | K23: =COUNTIFS('15_RISK_MATRIX_LINK_DATA'!$I:$I,3,'15_RISK_MATRIX_LINK_DATA'!$F:$F,5) -> 17 | O23: 3 | P23: Low | Q23: Low | R23: High | S23: High | T23: Extreme
F24: 2 | G24: =COUNTIFS('15_RISK_MATRIX_LINK_DATA'!$I:$I,2,'15_RISK_MATRIX_LINK_DATA'!$F:$F,1) -> 0 | H24: =COUNTIFS('15_RISK_MATRIX_LINK_DATA'!$I:$I,2,'15_RISK_MATRIX_LINK_DATA'!$F:$F,2) -> 19 | I24: =COUNTIFS('15_RISK_MATRIX_LINK_DATA'!$I:$I,2,'15_RISK_MATRIX_LINK_DATA'!$F:$F,3) -> 0 | J24: =COUNTIFS('15_RISK_MATRIX_LINK_DATA'!$I:$I,2,'15_RISK_MATRIX_LINK_DATA'!$F:$F,4) -> 11 | K24: =COUNTIFS('15_RISK_MATRIX_LINK_DATA'!$I:$I,2,'15_RISK_MATRIX_LINK_DATA'!$F:$F,5) -> 3 | O24: 2 | P24: Low | Q24: Low | R24: Medium | S24: Medium | T24: High
F25: 1 | G25: =COUNTIFS('15_RISK_MATRIX_LINK_DATA'!$I:$I,1,'15_RISK_MATRIX_LINK_DATA'!$F:$F,1) -> 0 | H25: =COUNTIFS('15_RISK_MATRIX_LINK_DATA'!$I:$I,1,'15_RISK_MATRIX_LINK_DATA'!$F:$F,2) -> 124 | I25: =COUNTIFS('15_RISK_MATRIX_LINK_DATA'!$I:$I,1,'15_RISK_MATRIX_LINK_DATA'!$F:$F,3) -> 94 | J25: =COUNTIFS('15_RISK_MATRIX_LINK_DATA'!$I:$I,1,'15_RISK_MATRIX_LINK_DATA'!$F:$F,4) -> 60 | K25: =COUNTIFS('15_RISK_MATRIX_LINK_DATA'!$I:$I,1,'15_RISK_MATRIX_LINK_DATA'!$F:$F,5) -> 55 | O25: 1 | P25: Low | Q25: Low | R25: Low | S25: Medium | T25: Medium
E27: Forward Risk with Inspection Effectiveness Credited | N27: Target matrix reference: use approved GDE procedure as final authority.
A35: Professional note: This matrix dashboard is linked to the RBI risk engine. The current matrix counts assets by current PoF/CoF. The plan-date matrices use controlled assumptions for no-inspection degradation and inspection effectiveness. Final colors, categories and interval rules must remain aligned with the approved GDE RBI procedure.
A41: RECONCILIATION STATUS
A42: Risk Engine Count | C42: ='16_RECONCILIATION_CHECK'!C6 -> 414
A43: Current Matrix Count | C43: ='16_RECONCILIATION_CHECK'!C8 -> 413
A44: Coverage % | C44: ='16_RECONCILIATION_CHECK'!C11 -> 0.99758454
A45: Overall Status | C45: ='16_RECONCILIATION_CHECK'!C13 -> CHECK REQUIRED

Sheet 16_RECONCILIATION_CHECK
A1: RBI Model Reconciliation Check — Asset Count vs Risk Matrix Coverage | Z1: User Guide
A2: Purpose: verify that total assets in database, risk engine, linked matrix data, and matrix dashboard are fully aligned before running VBA or presenting to client.
B4: 1. HIGH-LEVEL RECONCILIATION
B5: Asset Input Count | C5: =COUNTA('01_ASSET_INPUT_FULL'!A:A)-1 -> 414 | D5: All asset tags in main database
B6: Risk Engine Count | C6: =COUNTA('08_GDE_RISK_ENGINE'!A:A)-1 -> 414 | D6: All asset tags in risk engine
B7: Matrix Link Data Count | C7: =COUNTA('15_RISK_MATRIX_LINK_DATA'!A:A)-1 -> 1002 | D7: All asset tags available to matrix dashboard
B8: Current Matrix Count | C8: =SUM('14_GDE_RISK_MATRIX_DASHBOARD'!G7:K11) -> 413 | D8: Sum of all cells in current RBI date matrix
B9: Plan Matrix w/o Inspection Count | C9: =SUM('14_GDE_RISK_MATRIX_DASHBOARD'!P7:T11) -> 413 | D9: Sum of all cells in plan-date without inspection matrix
B10: Plan Matrix with Inspection Count | C10: =SUM('14_GDE_RISK_MATRIX_DASHBOARD'!G21:K25) -> 413 | D10: Sum of all cells in plan-date with inspection matrix
B11: Coverage %: Current Matrix vs Risk Engine | C11: =IFERROR(C8/C6,0) -> 0.99758454 | D11: Must be 100%
B12: Coverage %: Link Data vs Risk Engine | C12: =IFERROR(C7/C6,0) -> 2.4202899 | D12: Must be 100%
B13: Overall Reconciliation Status | C13: =IF(AND(C5=C6,C6=C7,C7=C8,C8=C9,C9=C10),"PASS","CHECK REQUIRED") -> CHECK REQUIRED | D13: PASS means all count layers match
B16: 2. DATA QUALITY / MISSING RISK INPUT CHECK
B17: Blank PoF in Risk Engine | C17: =COUNTBLANK('08_GDE_RISK_ENGINE'!E4:E10000) -> 9584 | D17: Should be 0 for all active asset rows
B18: Blank CoF in Risk Engine | C18: =COUNTBLANK('08_GDE_RISK_ENGINE'!F4:F10000) -> 9584 | D18: Should be 0 for all active asset rows
B19: Invalid PoF outside 1–5 | C19: =COUNTIFS('08_GDE_RISK_ENGINE'!E:E,"<1")+COUNTIFS('08_GDE_RISK_ENGINE'!E:E,">5") -> 0 | D19: Should be 0
B20: Invalid CoF outside 1–5 | C20: =COUNTIFS('08_GDE_RISK_ENGINE'!F:F,"<1")+COUNTIFS('08_GDE_RISK_ENGINE'!F:F,">5") -> 0 | D20: Should be 0
B21: Blank Risk Level | C21: =COUNTBLANK('08_GDE_RISK_ENGINE'!G4:G10000) -> 9584 | D21: Should be 0 for all active asset rows
B22: Duplicate Asset Tags in Database | C22: =SUMPRODUCT(('01_ASSET_INPUT_FULL'!A4:A10000<>"")*(COUNTIF('01_ASSET_INPUT_FULL'!A4:A10000,'01_ASSET_INPUT_FULL'!A4:A10000)>1)) -> 0 | D22: Should be 0
B23: Duplicate Asset Tags in Risk Engine | C23: =SUMPRODUCT(('08_GDE_RISK_ENGINE'!A4:A10000<>"")*(COUNTIF('08_GDE_RISK_ENGINE'!A4:A10000,'08_GDE_RISK_ENGINE'!A4:A10000)>1)) -> 0 | D23: Should be 0
B26: 3. RISK LEVEL RECONCILIATION
B27: Risk Level | C27: Risk Engine Count | D27: Current Matrix Count | E27: Variance | F27: Status
B28: Extreme High | C28: =COUNTIF('08_GDE_RISK_ENGINE'!G:G,B28) -> 23 | D28: =COUNTIF('15_RISK_MATRIX_LINK_DATA'!G:G,B28) -> 23 | E28: =C28-D28 -> 0 | F28: =IF(E28=0,"PASS","CHECK") -> PASS
B29: High | C29: =COUNTIF('08_GDE_RISK_ENGINE'!G:G,B29) -> 261 | D29: =COUNTIF('15_RISK_MATRIX_LINK_DATA'!G:G,B29) -> 261 | E29: =C29-D29 -> 0 | F29: =IF(E29=0,"PASS","CHECK") -> PASS
B30: Medium | C30: =COUNTIF('08_GDE_RISK_ENGINE'!G:G,B30) -> 70 | D30: =COUNTIF('15_RISK_MATRIX_LINK_DATA'!G:G,B30) -> 70 | E30: =C30-D30 -> 0 | F30: =IF(E30=0,"PASS","CHECK") -> PASS
B31: Low | C31: =COUNTIF('08_GDE_RISK_ENGINE'!G:G,B31) -> 59 | D31: =COUNTIF('15_RISK_MATRIX_LINK_DATA'!G:G,B31) -> 59 | E31: =C31-D31 -> 0 | F31: =IF(E31=0,"PASS","CHECK") -> PASS
B34: 4. ASSET-LEVEL CHECKLIST — FIRST 200 ROWS
A35: No | B35: Asset Tag | C35: In Asset Input? | D35: In Risk Engine? | E35: In Matrix Link? | F35: PoF | G35: CoF | H35: Risk | I35: Check Status
A36: 1 | B36: ='01_ASSET_INPUT_FULL'!A4 -> P2LBA11 BR001 | C36: =IF(B36="","",IF(COUNTIF('01_ASSET_INPUT_FULL'!A:A,B36)>0,"YES","NO")) -> YES | D36: =IF(B36="","",IF(COUNTIF('08_GDE_RISK_ENGINE'!A:A,B36)>0,"YES","NO")) -> YES | E36: =IF(B36="","",IF(COUNTIF('15_RISK_MATRIX_LINK_DATA'!A:A,B36)>0,"YES","NO")) -> YES | F36: =IFERROR(VLOOKUP(B36,'08_GDE_RISK_ENGINE'!A:G,5,FALSE),"") -> 4 | G36: =IFERROR(VLOOKUP(B36,'08_GDE_RISK_ENGINE'!A:G,6,FALSE),"") -> 5 | H36: =IFERROR(VLOOKUP(B36,'08_GDE_RISK_ENGINE'!A:G,7,FALSE),"") -> Extreme High | I36: =IF(B36="","",IF(AND(D36="YES",E36="YES",F36<>"",G36<>"",H36<>""),"OK","CHECK")) -> OK
A37: 2 | B37: ='01_ASSET_INPUT_FULL'!A5 -> P2LBA11 BR501 | C37: =IF(B37="","",IF(COUNTIF('01_ASSET_INPUT_FULL'!A:A,B37)>0,"YES","NO")) -> YES | D37: =IF(B37="","",IF(COUNTIF('08_GDE_RISK_ENGINE'!A:A,B37)>0,"YES","NO")) -> YES | E37: =IF(B37="","",IF(COUNTIF('15_RISK_MATRIX_LINK_DATA'!A:A,B37)>0,"YES","NO")) -> YES | F37: =IFERROR(VLOOKUP(B37,'08_GDE_RISK_ENGINE'!A:G,5,FALSE),"") -> 4 | G37: =IFERROR(VLOOKUP(B37,'08_GDE_RISK_ENGINE'!A:G,6,FALSE),"") -> 5 | H37: =IFERROR(VLOOKUP(B37,'08_GDE_RISK_ENGINE'!A:G,7,FALSE),"") -> Extreme High | I37: =IF(B37="","",IF(AND(D37="YES",E37="YES",F37<>"",G37<>"",H37<>""),"OK","CHECK")) -> OK
A38: 3 | B38: ='01_ASSET_INPUT_FULL'!A6 -> P2LBA11 BR011 | C38: =IF(B38="","",IF(COUNTIF('01_ASSET_INPUT_FULL'!A:A,B38)>0,"YES","NO")) -> YES | D38: =IF(B38="","",IF(COUNTIF('08_GDE_RISK_ENGINE'!A:A,B38)>0,"YES","NO")) -> YES | E38: =IF(B38="","",IF(COUNTIF('15_RISK_MATRIX_LINK_DATA'!A:A,B38)>0,"YES","NO")) -> YES | F38: =IFERROR(VLOOKUP(B38,'08_GDE_RISK_ENGINE'!A:G,5,FALSE),"") -> 4 | G38: =IFERROR(VLOOKUP(B38,'08_GDE_RISK_ENGINE'!A:G,6,FALSE),"") -> 5 | H38: =IFERROR(VLOOKUP(B38,'08_GDE_RISK_ENGINE'!A:G,7,FALSE),"") -> Extreme High | I38: =IF(B38="","",IF(AND(D38="YES",E38="YES",F38<>"",G38<>"",H38<>""),"OK","CHECK")) -> OK
A39: 4 | B39: ='01_ASSET_INPUT_FULL'!A7 -> P2LBA11 BR003 | C39: =IF(B39="","",IF(COUNTIF('01_ASSET_INPUT_FULL'!A:A,B39)>0,"YES","NO")) -> YES | D39: =IF(B39="","",IF(COUNTIF('08_GDE_RISK_ENGINE'!A:A,B39)>0,"YES","NO")) -> YES | E39: =IF(B39="","",IF(COUNTIF('15_RISK_MATRIX_LINK_DATA'!A:A,B39)>0,"YES","NO")) -> YES | F39: =IFERROR(VLOOKUP(B39,'08_GDE_RISK_ENGINE'!A:G,5,FALSE),"") -> 4 | G39: =IFERROR(VLOOKUP(B39,'08_GDE_RISK_ENGINE'!A:G,6,FALSE),"") -> 5 | H39: =IFERROR(VLOOKUP(B39,'08_GDE_RISK_ENGINE'!A:G,7,FALSE),"") -> Extreme High | I39: =IF(B39="","",IF(AND(D39="YES",E39="YES",F39<>"",G39<>"",H39<>""),"OK","CHECK")) -> OK
A40: 5 | B40: ='01_ASSET_INPUT_FULL'!A8 -> P2LBA11 BR010 | C40: =IF(B40="","",IF(COUNTIF('01_ASSET_INPUT_FULL'!A:A,B40)>0,"YES","NO")) -> YES | D40: =IF(B40="","",IF(COUNTIF('08_GDE_RISK_ENGINE'!A:A,B40)>0,"YES","NO")) -> YES | E40: =IF(B40="","",IF(COUNTIF('15_RISK_MATRIX_LINK_DATA'!A:A,B40)>0,"YES","NO")) -> YES | F40: =IFERROR(VLOOKUP(B40,'08_GDE_RISK_ENGINE'!A:G,5,FALSE),"") -> 4 | G40: =IFERROR(VLOOKUP(B40,'08_GDE_RISK_ENGINE'!A:G,6,FALSE),"") -> 5 | H40: =IFERROR(VLOOKUP(B40,'08_GDE_RISK_ENGINE'!A:G,7,FALSE),"") -> Extreme High | I40: =IF(B40="","",IF(AND(D40="YES",E40="YES",F40<>"",G40<>"",H40<>""),"OK","CHECK")) -> OK
A41: 6 | B41: ='01_ASSET_INPUT_FULL'!A9 -> P2LBA11 BR301 | C41: =IF(B41="","",IF(COUNTIF('01_ASSET_INPUT_FULL'!A:A,B41)>0,"YES","NO")) -> YES | D41: =IF(B41="","",IF(COUNTIF('08_GDE_RISK_ENGINE'!A:A,B41)>0,"YES","NO")) -> YES | E41: =IF(B41="","",IF(COUNTIF('15_RISK_MATRIX_LINK_DATA'!A:A,B41)>0,"YES","NO")) -> YES | F41: =IFERROR(VLOOKUP(B41,'08_GDE_RISK_ENGINE'!A:G,5,FALSE),"") -> 4 | G41: =IFERROR(VLOOKUP(B41,'08_GDE_RISK_ENGINE'!A:G,6,FALSE),"") -> 5 | H41: =IFERROR(VLOOKUP(B41,'08_GDE_RISK_ENGINE'!A:G,7,FALSE),"") -> Extreme High | I41: =IF(B41="","",IF(AND(D41="YES",E41="YES",F41<>"",G41<>"",H41<>""),"OK","CHECK")) -> OK
A42: 7 | B42: ='01_ASSET_INPUT_FULL'!A10 -> P2LBA12 BR001 | C42: =IF(B42="","",IF(COUNTIF('01_ASSET_INPUT_FULL'!A:A,B42)>0,"YES","NO")) -> YES | D42: =IF(B42="","",IF(COUNTIF('08_GDE_RISK_ENGINE'!A:A,B42)>0,"YES","NO")) -> YES | E42: =IF(B42="","",IF(COUNTIF('15_RISK_MATRIX_LINK_DATA'!A:A,B42)>0,"YES","NO")) -> YES | F42: =IFERROR(VLOOKUP(B42,'08_GDE_RISK_ENGINE'!A:G,5,FALSE),"") -> 2 | G42: =IFERROR(VLOOKUP(B42,'08_GDE_RISK_ENGINE'!A:G,6,FALSE),"") -> 5 | H42: =IFERROR(VLOOKUP(B42,'08_GDE_RISK_ENGINE'!A:G,7,FALSE),"") -> High | I42: =IF(B42="","",IF(AND(D42="YES",E42="YES",F42<>"",G42<>"",H42<>""),"OK","CHECK")) -> OK
A43: 8 | B43: ='01_ASSET_INPUT_FULL'!A11 -> P2LBA12 BR501 | C43: =IF(B43="","",IF(COUNTIF('01_ASSET_INPUT_FULL'!A:A,B43)>0,"YES","NO")) -> YES | D43: =IF(B43="","",IF(COUNTIF('08_GDE_RISK_ENGINE'!A:A,B43)>0,"YES","NO")) -> YES | E43: =IF(B43="","",IF(COUNTIF('15_RISK_MATRIX_LINK_DATA'!A:A,B43)>0,"YES","NO")) -> YES | F43: =IFERROR(VLOOKUP(B43,'08_GDE_RISK_ENGINE'!A:G,5,FALSE),"") -> 2 | G43: =IFERROR(VLOOKUP(B43,'08_GDE_RISK_ENGINE'!A:G,6,FALSE),"") -> 5 | H43: =IFERROR(VLOOKUP(B43,'08_GDE_RISK_ENGINE'!A:G,7,FALSE),"") -> High | I43: =IF(B43="","",IF(AND(D43="YES",E43="YES",F43<>"",G43<>"",H43<>""),"OK","CHECK")) -> OK
A44: 9 | B44: ='01_ASSET_INPUT_FULL'!A12 -> P2LBA12 BR011 | C44: =IF(B44="","",IF(COUNTIF('01_ASSET_INPUT_FULL'!A:A,B44)>0,"YES","NO")) -> YES | D44: =IF(B44="","",IF(COUNTIF('08_GDE_RISK_ENGINE'!A:A,B44)>0,"YES","NO")) -> YES | E44: =IF(B44="","",IF(COUNTIF('15_RISK_MATRIX_LINK_DATA'!A:A,B44)>0,"YES","NO")) -> YES | F44: =IFERROR(VLOOKUP(B44,'08_GDE_RISK_ENGINE'!A:G,5,FALSE),"") -> 2 | G44: =IFERROR(VLOOKUP(B44,'08_GDE_RISK_ENGINE'!A:G,6,FALSE),"") -> 5 | H44: =IFERROR(VLOOKUP(B44,'08_GDE_RISK_ENGINE'!A:G,7,FALSE),"") -> High | I44: =IF(B44="","",IF(AND(D44="YES",E44="YES",F44<>"",G44<>"",H44<>""),"OK","CHECK")) -> OK
A45: 10 | B45: ='01_ASSET_INPUT_FULL'!A13 -> P2LBA12 BR003 | C45: =IF(B45="","",IF(COUNTIF('01_ASSET_INPUT_FULL'!A:A,B45)>0,"YES","NO")) -> YES | D45: =IF(B45="","",IF(COUNTIF('08_GDE_RISK_ENGINE'!A:A,B45)>0,"YES","NO")) -> YES | E45: =IF(B45="","",IF(COUNTIF('15_RISK_MATRIX_LINK_DATA'!A:A,B45)>0,"YES","NO")) -> YES | F45: =IFERROR(VLOOKUP(B45,'08_GDE_RISK_ENGINE'!A:G,5,FALSE),"") -> 2 | G45: =IFERROR(VLOOKUP(B45,'08_GDE_RISK_ENGINE'!A:G,6,FALSE),"") -> 5 | H45: =IFERROR(VLOOKUP(B45,'08_GDE_RISK_ENGINE'!A:G,7,FALSE),"") -> High | I45: =IF(B45="","",IF(AND(D45="YES",E45="YES",F45<>"",G45<>"",H45<>""),"OK","CHECK")) -> OK
A46: 11 | B46: ='01_ASSET_INPUT_FULL'!A14 -> P2LBA12 BR010 | C46: =IF(B46="","",IF(COUNTIF('01_ASSET_INPUT_FULL'!A:A,B46)>0,"YES","NO")) -> YES | D46: =IF(B46="","",IF(COUNTIF('08_GDE_RISK_ENGINE'!A:A,B46)>0,"YES","NO")) -> YES | E46: =IF(B46="","",IF(COUNTIF('15_RISK_MATRIX_LINK_DATA'!A:A,B46)>0,"YES","NO")) -> YES | F46: =IFERROR(VLOOKUP(B46,'08_GDE_RISK_ENGINE'!A:G,5,FALSE),"") -> 2 | G46: =IFERROR(VLOOKUP(B46,'08_GDE_RISK_ENGINE'!A:G,6,FALSE),"") -> 5 | H46: =IFERROR(VLOOKUP(B46,'08_GDE_RISK_ENGINE'!A:G,7,FALSE),"") -> High | I46: =IF(B46="","",IF(AND(D46="YES",E46="YES",F46<>"",G46<>"",H46<>""),"OK","CHECK")) -> OK
A47: 12 | B47: ='01_ASSET_INPUT_FULL'!A15 -> P2LBA12 BR301 | C47: =IF(B47="","",IF(COUNTIF('01_ASSET_INPUT_FULL'!A:A,B47)>0,"YES","NO")) -> YES | D47: =IF(B47="","",IF(COUNTIF('08_GDE_RISK_ENGINE'!A:A,B47)>0,"YES","NO")) -> YES | E47: =IF(B47="","",IF(COUNTIF('15_RISK_MATRIX_LINK_DATA'!A:A,B47)>0,"YES","NO")) -> YES | F47: =IFERROR(VLOOKUP(B47,'08_GDE_RISK_ENGINE'!A:G,5,FALSE),"") -> 2 | G47: =IFERROR(VLOOKUP(B47,'08_GDE_RISK_ENGINE'!A:G,6,FALSE),"") -> 5 | H47: =IFERROR(VLOOKUP(B47,'08_GDE_RISK_ENGINE'!A:G,7,FALSE),"") -> High | I47: =IF(B47="","",IF(AND(D47="YES",E47="YES",F47<>"",G47<>"",H47<>""),"OK","CHECK")) -> OK
... A235: 200 | B235: ='01_ASSET_INPUT_FULL'!A203 -> P2PAE01 BR002 | C235: =IF(B235="","",IF(COUNTIF('01_ASSET_INPUT_FULL'!A:A,B235)>0,"YES","NO")) -> YES | D235: =IF(B235="","",IF(COUNTIF('08_GDE_RISK_ENGINE'!A:A,B235)>0,"YES","NO")) -> YES | E235: =IF(B235="","",IF(COUNTIF('15_RISK_MATRIX_LINK_DATA'!A:A,B235)>0,"YES","NO")) -> YES | F235: =IFERROR(VLOOKUP(B235,'08_GDE_RISK_ENGINE'!A:G,5,FALSE),"") -> 2 | G235: =IFERROR(VLOOKUP(B235,'08_GDE_RISK_ENGINE'!A:G,6,FALSE),"") -> 3 | H235: =IFERROR(VLOOKUP(B235,'08_GDE_RISK_ENGINE'!A:G,7,FALSE),"") -> High | I235: =IF(B235="","",IF(AND(D235="YES",E235="YES",F235<>"",G235<>"",H235<>""),"OK","CHECK")) -> OK

Sheet 17_DASHBOARD_LINK_AUDIT
A1: Dashboard Link Audit
A3: KPI Label Cell | B3: Linked Value Cell | C3: KPI | D3: Formula | E3: Status
A4: A8 | B4: A9 | C4: Total Assets | D4: =COUNTA('01_ASSET_INPUT_FULL'!A:A)-1 -> 414 | E4: LINKED
A5: C8 | B5: C9 | C5: Piping Assets | D5: =COUNTIF('01_ASSET_INPUT_FULL'!B:B,"Piping") -> 345 | E5: LINKED
A6: E8 | B6: E9 | C6: Equipment Assets | D6: =COUNTIF('01_ASSET_INPUT_FULL'!B:B,"Equipment") -> 68 | E6: LINKED
A7: G8 | B7: G9 | C7: Corrosion Loops / Equipment Models | D7: =COUNTA('04_CORROSION_LOOP_MODEL'!A:A)-1 -> 99 | E7: LINKED
A8: A11 | B8: A12 | C8: Extreme High | D8: =COUNTIF('08_GDE_RISK_ENGINE'!G:G,"Extreme High") -> 23 | E8: LINKED
A9: C11 | B9: C12 | C9: High | D9: =COUNTIF('08_GDE_RISK_ENGINE'!G:G,"High") -> 261 | E9: LINKED
A10: E11 | B10: E12 | C10: Medium | D10: =COUNTIF('08_GDE_RISK_ENGINE'!G:G,"Medium") -> 70 | E10: LINKED
A11: G11 | B11: G12 | C11: Low | D11: =COUNTIF('08_GDE_RISK_ENGINE'!G:G,"Low") -> 59 | E11: LINKED
A12: K18 | B12: K19 | C12: Extreme High | D12: =COUNTIF('08_GDE_RISK_ENGINE'!G:G,"Extreme High") -> 23 | E12: LINKED
A13: K20 | B13: K21 | C13: Extreme High | D13: =COUNTIF('08_GDE_RISK_ENGINE'!G:G,"Extreme High") -> 23 | E13: LINKED
A14: K22 | B14: K23 | C14: Extreme High | D14: =COUNTIF('08_GDE_RISK_ENGINE'!G:G,"Extreme High") -> 23 | E14: LINKED
A15: K24 | B15: K25 | C15: Extreme High | D15: =COUNTIF('08_GDE_RISK_ENGINE'!G:G,"Extreme High") -> 23 | E15: LINKED
A16: K26 | B16: K27 | C16: Extreme High | D16: =COUNTIF('08_GDE_RISK_ENGINE'!G:G,"Extreme High") -> 23 | E16: LINKED
A17: K28 | B17: K29 | C17: Extreme High | D17: =COUNTIF('08_GDE_RISK_ENGINE'!G:G,"Extreme High") -> 23 | E17: LINKED
A18: K30 | B18: K31 | C18: Extreme High | D18: =COUNTIF('08_GDE_RISK_ENGINE'!G:G,"Extreme High") -> 23 | E18: LINKED
A19: K32 | B19: K33 | C19: Extreme High | D19: =COUNTIF('08_GDE_RISK_ENGINE'!G:G,"Extreme High") -> 23 | E19: LINKED

Sheet 99_USER_DB
A1: Username | B1: Password | C1: Role | D1: Default Landing Sheet | F1: Role Logic
A2: admin | B2: 1234 | C2: FULL | D2: 00_DASHBOARD | F2: FULL | G2: All sheets visible.
A3: viewer | B3: view123 | C3: VIEW | D3: 00_DASHBOARD | F3: VIEW | G3: Core database and VBA helper sheets remain hidden.
A4: input | B4: input123 | C4: INPUT | D4: 00_INPUT_CONTROL_PANEL | F4: INPUT | G4: Input panel, dashboard, guide, risk matrix, and reconciliation are visible.

Sheet 18_GB_CODE_MASTER
A1: Patuha Unit-2 GB/KKS Code Master – Initial Equipment / Process Code Reference
A2: Purpose: master reference for process initials/codes used in line and equipment lists. Use this sheet to validate Asset Input, Corrosion Loop grouping, ECA, and Risk Engine logic.
A4: Code | B4: Code Type | C4: Area/System Group | D4: Service / Description | E4: Typical Asset Type | F4: RBI Grouping Logic | G4: Typical Damage Mechanism / Concern | H4: RBI Treatment | I4: Current Asset Count | J4: Notes / Validation
A5: P2 | B5: Project Prefix | C5: Patuha Unit-2 | D5: Project name / unit prefix | E5: All | F5: Used as KKS Level 0 / project identifier | G5: N/A | H5: Reference only | I5: =COUNTIF('01_ASSET_INPUT_FULL'!A:A,"P2*") -> 345 | J5: From line code convention; keep fixed for Patuha Unit-2.
A6: BR | B6: Equipment Code | C6: Piping | D6: Piping, ductwork, chutes | E6: Piping | F6: Asset tag identifier for piping line items | G6: Depends on service, material, phase | H6: Input to corrosion loop model | I6: =COUNTIF('01_ASSET_INPUT_FULL'!A:A,"* BR*") -> 345 | J6: Used in line list as equipment code for line items.
A7: GMC | B7: Process Code | C7: Utility / Drainage | D7: Sump Pit Drain | E7: Piping / Drain | F7: Drainage / low pressure liquid service | G7: Oxygen corrosion, MIC, external corrosion | H7: Selective / C2-C3 | I7: =COUNTIF('01_ASSET_INPUT_FULL'!E:E,"GMC") -> 0 | J7: Validate against P&ID and actual material.
A8: LBA | B8: Process Code | C8: SAGS / Main Steam | D8: Main Steam SAGS to Demister | E8: Piping | F8: Steam service; split by phase V vs LG, material, temperature | G8: CO2 corrosion, FAC / erosion-corrosion, CUI | H8: Priority RBI / C1 | I8: =COUNTIF('01_ASSET_INPUT_FULL'!E:E,"LBA") -> 74 | J8: Critical code for SAGS steam lines.
A9: LBB | B9: Process Code | C9: SAGS / Main Steam | D9: Main Steam Demister to Strainer / Rock Muffler | E9: Piping | F9: Steam / wet steam / vent path grouping | G9: CO2 corrosion, erosion-corrosion, CUI | H9: Priority RBI / C1-C2 | I9: =COUNTIF('01_ASSET_INPUT_FULL'!E:E,"LBB") -> 3 | J9: Confirm wet zones and venting operating mode.
A10: LBF | B10: Process Code | C10: SAGS / Steam Venting | D10: Steam Venting Station / Rock Muffler | E10: Equipment / Static | F10: Equipment model linked to venting service | G10: Diffuser corrosion/erosion, concrete degradation, external corrosion | H10: Equipment RBI / C1-C2 | I10: =COUNTIF('01_ASSET_INPUT_FULL'!E:E,"LBF") -> 24 | J10: Mostly equipment-list based; verify components.
A11: LBJ | B11: Process Code | C11: SAGS / Scrubber | D11: Steam Scrubber | E11: Equipment / Static | F11: Equipment model by shell/nozzle/internal/drain | G11: Internal corrosion, erosion, nozzle degradation, CUI | H11: Equipment RBI / C1 | I11: =COUNTIF('01_ASSET_INPUT_FULL'!E:E,"LBJ") -> 1 | J11: Key C1 equipment due production consequence.
A12: LBG | B12: Process Code | C12: Power Block / Steam | D12: Main Steam, Auxiliary Steam, Gland Steam | E12: Piping | F12: Steam service in power block; split by phase/material | G12: CUI, external corrosion, erosion localized | H12: RBI / C1-C2 | I12: =COUNTIF('01_ASSET_INPUT_FULL'!E:E,"LBG") -> 4 | J12: Dry steam often lower internal corrosion than LG.
A13: LCA | B13: Process Code | C13: BOP / Condensate | D13: Main Condensate Piping System | E13: Piping / Static | F13: Condensate liquid service; split by material/temp | G13: CO2 condensate corrosion, oxygen corrosion, MIC | H13: RBI / C2 | I13: =COUNTIF('01_ASSET_INPUT_FULL'!E:E,"LCA") -> 28 | J13: Important for L3 when thickness data exists.
A14: LCL | B14: Process Code | C14: Steam Drain | D14: Main Steam / Steam Drain | E14: Piping | F14: Drain/deadleg and condensate affected steam service | G14: CO2 corrosion, under-deposit, CUI | H14: Priority check | I14: =COUNTIF('01_ASSET_INPUT_FULL'!E:E,"LCL") -> 0 | J14: Drains/deadlegs are often localized risk.
A15: LCT | B15: Process Code | C15: SAGS / Drain | D15: Steam Demister Drain | E15: Piping | F15: Wet drain service from demister/scrubber | G15: Condensate corrosion, erosion, MIC | H15: Priority check | I15: =COUNTIF('01_ASSET_INPUT_FULL'!E:E,"LCT") -> 0 | J15: Confirm intermittent vs continuous liquid.
A16: MAC | B16: Process Code | C16: Power Block / STG | D16: Main Steam Strainer to Turbine | E16: Piping / Equipment interface | F16: Critical steam path to turbine | G16: CUI, erosion, steam purity-related degradation | H16: C1 / high consequence | I16: =COUNTIF('01_ASSET_INPUT_FULL'!E:E,"MAC") -> 0 | J16: High consequence because turbine interface.
A17: MAG | B17: Process Code | C17: Power Block / Condenser | D17: Condenser | E17: Equipment / Piping | F17: Condenser and associated piping/equipment model | G17: Cooling water corrosion, vacuum leak, SS corrosion concerns | H17: C1-C2 | I17: =COUNTIF('01_ASSET_INPUT_FULL'!E:E,"MAG") -> 2 | J17: Use equipment/component logic for condenser.
A18: MAL | B18: Process Code | C18: Power Block / Drain | D18: Turbine Drain | E18: Piping | F18: Drain/condensate service | G18: Oxygen corrosion, MIC, localized corrosion | H18: Selective RBI | I18: =COUNTIF('01_ASSET_INPUT_FULL'!E:E,"MAL") -> 0 | J18: Often small-bore; confirm inclusion rule.
A19: MAJ | B19: Process Code | C19: Power Block / NCG | D19: NCG Removal System | E19: Piping / Equipment | F19: NCG service; split by material, liquid carryover, vacuum section | G19: H2S/sour corrosion, CLSCC if chloride + SS, CUI | H19: C1-C2 | I19: =COUNTIF('01_ASSET_INPUT_FULL'!E:E,"MAJ") -> 45 | J19: Critical code for gas removal / NCG path.
A20: MAW | B20: Process Code | C20: Power Block / Gland Steam | D20: Gland Steam | E20: Piping | F20: Steam / condensate / vacuum interface | G20: CUI, condensate corrosion | H20: Selective RBI | I20: =COUNTIF('01_ASSET_INPUT_FULL'!E:E,"MAW") -> 3 | J20: Check phase and pressure/vacuum condition.
A21: PAB | B21: Process Code | C21: BOP / Circulating Water | D21: Circulating Water, Blowdown | E21: Piping | F21: Cooling water circuit; split by FRP/SS/CS | G21: MIC, oxygen corrosion, fouling, non-metallic degradation | H21: C2 / limited for non-metallic | I21: =COUNTIF('01_ASSET_INPUT_FULL'!E:E,"PAB") -> 35 | J21: FRP/HDPE should be limited RBI unless owner requires.
A22: PAC | B22: Process Code | C22: BOP / Circulating Water | D22: Circulating Water | E22: Piping / Pump interface | F22: Cooling water circuit | G22: MIC, oxygen corrosion, erosion/fouling | H22: C2 | I22: =COUNTIF('01_ASSET_INPUT_FULL'!E:E,"PAC") -> 0 | J22: Pump interface may drive consequence.
A23: PAD | B23: Process Code | C23: BOP / Cooling Tower | D23: Cooling Tower Drain | E23: Piping / Equipment | F23: Cooling tower and basin-related liquid service | G23: MIC, fouling, oxygen corrosion, concrete degradation | H23: C2 | I23: =COUNTIF('01_ASSET_INPUT_FULL'!E:E,"PAD") -> 15 | J23: Cooling tower area has biological/fouling concern.
A24: PAE | B24: Process Code | C24: BOP / Cooling Tower Pump | D24: Cooling Tower Pump System | E24: Piping / Pump | F24: Cooling water pump discharge/suction circuit | G24: MIC, oxygen corrosion, erosion | H24: C2 | I24: =COUNTIF('01_ASSET_INPUT_FULL'!E:E,"PAE") -> 5 | J24: Rotating equipment itself is limited/non-RBI unless static boundary.
A25: PCB | B25: Process Code | C25: BOP / Auxiliary Cooling | D25: Auxiliary Cooling Tower | E25: Piping | F25: Auxiliary cooling water; split by material | G25: MIC, oxygen corrosion, fouling | H25: C2 / limited for non-metallic | I25: =COUNTIF('01_ASSET_INPUT_FULL'!E:E,"PCB") -> 42 | J25: Often many FRP branches; check scope.
A26: PCC | B26: Process Code | C26: BOP / Plant Water | D26: Pump System / Plant Water | E26: Piping / Pump | F26: Water service | G26: Oxygen corrosion, MIC | H26: Selective RBI | I26: =COUNTIF('01_ASSET_INPUT_FULL'!E:E,"PCC") -> 12 | J26: Lower consequence unless critical service.
A27: QEA | B27: Process Code | C27: Utility / Air | D27: Instrument Air / Utility Air | E27: Equipment / Piping | F27: Compressed air package / receiver / distribution | G27: External corrosion, internal moisture corrosion if wet | H27: C2-C3 | I27: =COUNTIF('01_ASSET_INPUT_FULL'!E:E,"QEA") -> 17 | J27: Receivers may be pressure equipment; include if required.
A28: QEB | B28: Process Code | C28: Utility / Air | D28: Central Compressed Air | E28: Piping / Receiver | F28: Compressed air distribution | G28: Moisture corrosion, external corrosion | H28: C2-C3 | I28: =COUNTIF('01_ASSET_INPUT_FULL'!E:E,"QEB") -> 47 | J28: Check receiver design code and inspection obligation.
A29: QCB | B29: Process Code | C29: Chemical System | D29: Chemical Dosing / Sulphur Dispersant / Biocide | E29: Package / Tank / Pump | F29: Chemical package, non-process dosing system | G29: Chemical compatibility, external corrosion, leakage | H29: Limited / C2-C3 | I29: =COUNTIF('01_ASSET_INPUT_FULL'!E:E,"QCB") -> 3 | J29: Often package-based; not always full RBI.
A30: QCH | B30: Process Code | C30: Chemical System | D30: Sodium Hydroxide Supply and Distribution | E30: Package / Tank / Pump | F30: Caustic chemical service | G30: Caustic corrosion/SCC depending material/temp, leakage | H30: Selective RBI | I30: =COUNTIF('01_ASSET_INPUT_FULL'!E:E,"QCH") -> 14 | J30: Validate material compatibility and containment.
A31: SGA | B31: Process Code | C31: Fire Water | D31: Fire Water System | E31: Piping / Package | F31: Fire water service | G31: MIC, oxygen corrosion, under-deposit | H31: Selective / statutory/maintenance | I31: =COUNTIF('01_ASSET_INPUT_FULL'!E:E,"SGA") -> 5 | J31: May be governed by fire protection inspection rules.
A32: ASA6V | B32: Piping Class | C32: Piping Class | D32: 150 CS with corrosion allowance per line list table | E32: Piping | F32: Used in class/material/CA validation | G32: Depends on fluid/service | H32: Reference | I32: =COUNTIF('01_ASSET_INPUT_FULL'!O:O,"ASA6V") -> 40 | J32: Use approved line list / GB/KKS class table.
A33: BSA6V | B33: Piping Class | C33: Piping Class | D33: 300 CS with corrosion allowance per line list table | E33: Piping | F33: Used in class/material/CA validation | G33: Depends on fluid/service | H33: Reference | I33: =COUNTIF('01_ASSET_INPUT_FULL'!O:O,"BSA6V") -> 54 | J33: Higher pressure class steam/SAGS lines.
A34: A1A3 | B34: Piping Class | C34: Piping Class | D34: 150 CS, 3 mm corrosion allowance | E34: Piping | F34: Used in material/CA validation | G34: General CS corrosion | H34: Reference | I34: =COUNTIF('01_ASSET_INPUT_FULL'!O:O,"A1A3") -> 47 | J34: Check CA against line list.
A35: A1L0 | B35: Piping Class | C35: Piping Class | D35: 150 SS316/L, 0 corrosion allowance | E35: Piping | F35: Used in material/CA validation | G35: CLSCC/pitting conditional | H35: Reference | I35: =COUNTIF('01_ASSET_INPUT_FULL'!O:O,"A1L0") -> 55 | J35: For SS316L lines.
A36: A1L0V | B36: Piping Class | C36: Piping Class | D36: 150 SS316/L vacuum condition | E36: Piping | F36: Vacuum/special requirement class | G36: External/CUI, leakage/vacuum integrity | H36: Reference | I36: =COUNTIF('01_ASSET_INPUT_FULL'!O:O,"A1L0V") -> 33 | J36: V suffix = special vacuum requirement.
A37: A120 | B37: Piping Class | C37: Piping Class | D37: PN10 FRP | E37: Piping | F37: Non-metallic water service validation | G37: Non-metallic degradation, joints/leakage | H37: Limited RBI | I37: =COUNTIF('01_ASSET_INPUT_FULL'!O:O,"A120") -> 10 | J37: Non-metallic risk treatment differs from metallic RBI.
A38: AAZ0 | B38: Piping Class | C38: Piping Class | D38: PN16 HDPE | E38: Piping | F38: Non-metallic water service validation | G38: Non-metallic degradation, joints/leakage | H38: Limited RBI | I38: =COUNTIF('01_ASSET_INPUT_FULL'!O:O,"AAZ0") -> 0 | J38: Usually limited RBI/static integrity only.

Sheet 21_CHANGE_LOG
A1: Timestamp | B1: User | C1: Action | D1: Asset Tag | E1: Target Sheet | F1: Target Row | G1: Remarks
